
--Tabelas do banco de dados usada pelo projeto:
/**********************************************************************************************/
--Criação das Tabelas


CREATE TABLE usuarios (
	id serial4 NOT NULL,
	username varchar(50) NOT NULL,
	password_hash varchar(255) NOT NULL,
	nome_completo varchar(100) NULL,
	email varchar(100) NULL,
	ativo bool DEFAULT true NULL,
	data_criacao timestamptz DEFAULT CURRENT_TIMESTAMP NULL,
	CONSTRAINT usuarios_email_key UNIQUE (email),
	CONSTRAINT usuarios_pkey PRIMARY KEY (id),
	CONSTRAINT usuarios_username_key UNIQUE (username)
);

CREATE TABLE receitas (
	id serial4 NOT NULL,
	nome varchar(255) NOT NULL,
	descricao text NULL,
	tempo_preparo_min int4 NULL,
	porcoes int4 NULL,
	dificuldade varchar(50) NULL,
	usuario_id int4 NULL,
	CONSTRAINT receitas_pkey PRIMARY KEY (id),
	CONSTRAINT fk_usuario FOREIGN KEY (usuario_id) REFERENCES usuarios(id)
);

CREATE TABLE ingredientes (
	id serial4 NOT NULL,
	receita_id int4 NULL,
	nome varchar(255) NOT NULL,
	quantidade float8 NULL,
	unidade varchar(50) NULL,
	CONSTRAINT ingredientes_pkey PRIMARY KEY (id),
	CONSTRAINT ingredientes_receita_id_fkey FOREIGN KEY (receita_id) REFERENCES receitas(id) ON DELETE CASCADE
);

CREATE TABLE passos (
	id serial4 NOT NULL,
	receita_id int4 NULL,
	ordem int4 NOT NULL,
	descricao text NOT NULL,
	CONSTRAINT passos_pkey PRIMARY KEY (id),
	CONSTRAINT passos_receita_id_fkey FOREIGN KEY (receita_id) REFERENCES receitas(id) ON DELETE CASCADE
);

/**********************************************************************************************/
--Inserção de Dasos
/**********************************************************************************************/

INSERT INTO public.usuarios (id,username,password_hash,nome_completo,email,ativo,data_criacao) VALUES
	 (5,'16presidente','$2a$10$fWsNpBee1LXSdfKIpVkl0Ok1lBoq38W.1JvzivvkXGz5SPC4iiRfS','Abraham Lincoln','AbrahamLincoln@us.com',true,'2025-07-18 14:29:17.420464-03'),
	 (6,'Jackson','$2a$10$1vOaFY6xBqiqp3G31eA6tuqMp6nplFUIwypLeql6Y4hu4du7271J2','Michael Jackson','MichaelJackson@singer.com',true,'2025-07-18 14:30:40.391837-03'),
	 (7,'Chico','$2a$10$6muCI70BqMTWFkzuUBBFRuXnDQARqPN9jZkl/KuNRr9/UY2XbYW8W','Chico Buarque','ChicoBuarque@nova.com',true,'2025-07-18 14:32:15.914693-03'),
	 (8,'Brown','$2a$10$0aRFFuR9hTfpFz1PURZ0PuqYISm9s8OP7mNoXEWHE3oTqe.oXMO0q','Pedro Paulo Soares Pereira','manobrown@rapper.com.br',true,'2025-07-18 14:34:08.462555-03');

/* Usuários criados para testes de autenticação e autorização */

-- Usuário 5: Abraham Lincoln, um presidente famoso.
-- User:     16presidente
-- Password: 16presidente123

-- Usuário 6: Michael Jackson, um cantor icônico.
-- User:     Jackson
-- Password: Jackson123

-- Usuário 7: Chico Buarque, um renomado músico brasileiro.
-- User:     Chico
-- Password: Chico123

-- Usuário 8: Mano Brown, rapper brasileiro conhecido por seu trabalho com o grupo Racionais MC's.
-- User:     Brown
-- Password: Brown123

-- Inserção de receitas
INSERT INTO receitas (nome, descricao, tempo_preparo_min, porcoes, dificuldade, usuario_id) VALUES
('Tutu de Feijão da Diogo', 'Tutu de Feijão da Diogo é uma receita tradicional muito apreciada, ideal para refeições em família.', 100, 5, 'Difícil', 5),
('Bobó de Camarão da Nina', 'Bobó de Camarão da Nina é uma receita tradicional muito apreciada, ideal para refeições em família.', 112, 5, 'Difícil', 5),
('Feijoada da Letícia', 'Feijoada da Letícia é uma receita tradicional muito apreciada, ideal para refeições em família.', 106, 4, 'Fácil', 5),
('Tutu de Feijão da Maria Luiza', 'Tutu de Feijão da Maria Luiza é uma receita tradicional muito apreciada, ideal para refeições em família.', 66, 7, 'Fácil', 5),
('Lasanha da Ana Luiza', 'Lasanha da Ana Luiza é uma receita tradicional muito apreciada, ideal para refeições em família.', 24, 3, 'Difícil', 5),
('Bolo de Cenoura da Laís', 'Bolo de Cenoura da Laís é uma receita tradicional muito apreciada, ideal para refeições em família.', 62, 8, 'Fácil', 5),
('Tutu de Feijão da Luna', 'Tutu de Feijão da Luna é uma receita tradicional muito apreciada, ideal para refeições em família.', 57, 7, 'Fácil', 5),
('Pudim da Enrico', 'Pudim da Enrico é uma receita tradicional muito apreciada, ideal para refeições em família.', 39, 3, 'Média', 5),
('Moqueca da Renan', 'Moqueca da Renan é uma receita tradicional muito apreciada, ideal para refeições em família.', 84, 7, 'Fácil', 5),
('Lasanha da Gustavo Henrique', 'Lasanha da Gustavo Henrique é uma receita tradicional muito apreciada, ideal para refeições em família.', 42, 9, 'Fácil', 5),
('Feijoada da Ana Lívia', 'Feijoada da Ana Lívia é uma receita tradicional muito apreciada, ideal para refeições em família.', 27, 6, 'Média', 5),
('Pudim da Helena', 'Pudim da Helena é uma receita tradicional muito apreciada, ideal para refeições em família.', 89, 2, 'Média', 5),
('Arroz Doce da Arthur', 'Arroz Doce da Arthur é uma receita tradicional muito apreciada, ideal para refeições em família.', 34, 2, 'Fácil', 5),
('Escondidinho da Laís', 'Escondidinho da Laís é uma receita tradicional muito apreciada, ideal para refeições em família.', 49, 4, 'Difícil', 5),
('Bobó de Camarão da Júlia', 'Bobó de Camarão da Júlia é uma receita tradicional muito apreciada, ideal para refeições em família.', 42, 7, 'Média', 5),
('Escondidinho da Lucas', 'Escondidinho da Lucas é uma receita tradicional muito apreciada, ideal para refeições em família.', 71, 4, 'Fácil', 5),
('Tutu de Feijão da Daniela', 'Tutu de Feijão da Daniela é uma receita tradicional muito apreciada, ideal para refeições em família.', 71, 7, 'Média', 5),
('Bobó de Camarão da Mariana', 'Bobó de Camarão da Mariana é uma receita tradicional muito apreciada, ideal para refeições em família.', 40, 10, 'Média', 5),
('Lasanha da Enrico', 'Lasanha da Enrico é uma receita tradicional muito apreciada, ideal para refeições em família.', 80, 7, 'Média', 5),
('Lasanha da Davi Lucca', 'Lasanha da Davi Lucca é uma receita tradicional muito apreciada, ideal para refeições em família.', 22, 7, 'Difícil', 5),
('Bolo de Cenoura da Francisco', 'Bolo de Cenoura da Francisco é uma receita tradicional muito apreciada, ideal para refeições em família.', 107, 8, 'Fácil', 5),
('Bolo de Cenoura da Lucca', 'Bolo de Cenoura da Lucca é uma receita tradicional muito apreciada, ideal para refeições em família.', 59, 4, 'Média', 5),
('Bolo de Cenoura da Yasmin', 'Bolo de Cenoura da Yasmin é uma receita tradicional muito apreciada, ideal para refeições em família.', 21, 6, 'Média', 5),
('Pudim da Eduardo', 'Pudim da Eduardo é uma receita tradicional muito apreciada, ideal para refeições em família.', 55, 6, 'Fácil', 5),
('Cuscuz da Bernardo', 'Cuscuz da Bernardo é uma receita tradicional muito apreciada, ideal para refeições em família.', 71, 9, 'Difícil', 5),
('Pudim da João Gabriel', 'Pudim da João Gabriel é uma receita tradicional muito apreciada, ideal para refeições em família.', 59, 4, 'Fácil', 5),
('Tutu de Feijão da Julia', 'Tutu de Feijão da Julia é uma receita tradicional muito apreciada, ideal para refeições em família.', 109, 9, 'Média', 5),
('Moqueca da Luiz Henrique', 'Moqueca da Luiz Henrique é uma receita tradicional muito apreciada, ideal para refeições em família.', 77, 3, 'Fácil', 5),
('Lasanha da Vinicius', 'Lasanha da Vinicius é uma receita tradicional muito apreciada, ideal para refeições em família.', 76, 9, 'Difícil', 5),
('Arroz Doce da Bryan', 'Arroz Doce da Bryan é uma receita tradicional muito apreciada, ideal para refeições em família.', 45, 4, 'Fácil', 5),
('Arroz Doce da Maria Julia', 'Arroz Doce da Maria Julia é uma receita tradicional muito apreciada, ideal para refeições em família.', 97, 9, 'Fácil', 5),
('Feijoada da Thomas', 'Feijoada da Thomas é uma receita tradicional muito apreciada, ideal para refeições em família.', 31, 8, 'Média', 5),
('Bolo de Cenoura da Cecília', 'Bolo de Cenoura da Cecília é uma receita tradicional muito apreciada, ideal para refeições em família.', 65, 9, 'Difícil', 5),
('Feijoada da Ryan', 'Feijoada da Ryan é uma receita tradicional muito apreciada, ideal para refeições em família.', 95, 8, 'Difícil', 5),
('Moqueca da Diogo', 'Moqueca da Diogo é uma receita tradicional muito apreciada, ideal para refeições em família.', 97, 6, 'Fácil', 5),
('Tutu de Feijão da Kamilly', 'Tutu de Feijão da Kamilly é uma receita tradicional muito apreciada, ideal para refeições em família.', 62, 8, 'Fácil', 5),
('Cuscuz da Thomas', 'Cuscuz da Thomas é uma receita tradicional muito apreciada, ideal para refeições em família.', 118, 10, 'Média', 5),
('Feijoada da Francisco', 'Feijoada da Francisco é uma receita tradicional muito apreciada, ideal para refeições em família.', 48, 7, 'Difícil', 5),
('Feijoada da Ana Vitória', 'Feijoada da Ana Vitória é uma receita tradicional muito apreciada, ideal para refeições em família.', 50, 3, 'Difícil', 5),
('Bobó de Camarão da Thales', 'Bobó de Camarão da Thales é uma receita tradicional muito apreciada, ideal para refeições em família.', 39, 7, 'Fácil', 5),
('Arroz Doce da Ana Vitória', 'Arroz Doce da Ana Vitória é uma receita tradicional muito apreciada, ideal para refeições em família.', 117, 4, 'Fácil', 5),
('Lasanha da Thales', 'Lasanha da Thales é uma receita tradicional muito apreciada, ideal para refeições em família.', 76, 2, 'Difícil', 5),
('Bobó de Camarão da Noah', 'Bobó de Camarão da Noah é uma receita tradicional muito apreciada, ideal para refeições em família.', 24, 6, 'Média', 5),
('Lasanha da Ana Beatriz', 'Lasanha da Ana Beatriz é uma receita tradicional muito apreciada, ideal para refeições em família.', 88, 3, 'Média', 5),
('Arroz Doce da Rafael', 'Arroz Doce da Rafael é uma receita tradicional muito apreciada, ideal para refeições em família.', 36, 6, 'Fácil', 5),
('Lasanha da Clara', 'Lasanha da Clara é uma receita tradicional muito apreciada, ideal para refeições em família.', 55, 5, 'Difícil', 5),
('Escondidinho da Fernanda', 'Escondidinho da Fernanda é uma receita tradicional muito apreciada, ideal para refeições em família.', 35, 5, 'Difícil', 5),
('Pudim da Caio', 'Pudim da Caio é uma receita tradicional muito apreciada, ideal para refeições em família.', 88, 10, 'Média', 5),
('Moqueca da Thomas', 'Moqueca da Thomas é uma receita tradicional muito apreciada, ideal para refeições em família.', 34, 9, 'Fácil', 5),
('Pudim da Lorenzo', 'Pudim da Lorenzo é uma receita tradicional muito apreciada, ideal para refeições em família.', 49, 9, 'Média', 5),
('Lasanha da Vitor Gabriel', 'Lasanha da Vitor Gabriel é uma receita tradicional muito apreciada, ideal para refeições em família.', 60, 6, 'Média', 6),
('Moqueca da Isabella', 'Moqueca da Isabella é uma receita tradicional muito apreciada, ideal para refeições em família.', 20, 2, 'Fácil', 6),
('Escondidinho da Catarina', 'Escondidinho da Catarina é uma receita tradicional muito apreciada, ideal para refeições em família.', 91, 3, 'Difícil', 6),
('Lasanha da Yuri', 'Lasanha da Yuri é uma receita tradicional muito apreciada, ideal para refeições em família.', 21, 8, 'Fácil', 6),
('Bobó de Camarão da Maria Clara', 'Bobó de Camarão da Maria Clara é uma receita tradicional muito apreciada, ideal para refeições em família.', 112, 5, 'Fácil', 6),
('Bolo de Cenoura da Luiz Miguel', 'Bolo de Cenoura da Luiz Miguel é uma receita tradicional muito apreciada, ideal para refeições em família.', 99, 9, 'Difícil', 6),
('Bolo de Cenoura da Bárbara', 'Bolo de Cenoura da Bárbara é uma receita tradicional muito apreciada, ideal para refeições em família.', 94, 7, 'Fácil', 6),
('Moqueca da Caroline', 'Moqueca da Caroline é uma receita tradicional muito apreciada, ideal para refeições em família.', 71, 8, 'Média', 6),
('Bolo de Cenoura da Ana Luiza', 'Bolo de Cenoura da Ana Luiza é uma receita tradicional muito apreciada, ideal para refeições em família.', 51, 2, 'Fácil', 6),
('Moqueca da Sophie', 'Moqueca da Sophie é uma receita tradicional muito apreciada, ideal para refeições em família.', 101, 6, 'Fácil', 6),
('Bobó de Camarão da Enzo Gabriel', 'Bobó de Camarão da Enzo Gabriel é uma receita tradicional muito apreciada, ideal para refeições em família.', 43, 5, 'Fácil', 6),
('Tutu de Feijão da Luiza', 'Tutu de Feijão da Luiza é uma receita tradicional muito apreciada, ideal para refeições em família.', 100, 7, 'Fácil', 6),
('Cuscuz da Sophie', 'Cuscuz da Sophie é uma receita tradicional muito apreciada, ideal para refeições em família.', 38, 5, 'Média', 6),
('Feijoada da Theo', 'Feijoada da Theo é uma receita tradicional muito apreciada, ideal para refeições em família.', 69, 9, 'Fácil', 6),
('Lasanha da Davi Lucas', 'Lasanha da Davi Lucas é uma receita tradicional muito apreciada, ideal para refeições em família.', 50, 2, 'Média', 6),
('Bobó de Camarão da Luna', 'Bobó de Camarão da Luna é uma receita tradicional muito apreciada, ideal para refeições em família.', 59, 5, 'Fácil', 6),
('Escondidinho da Felipe', 'Escondidinho da Felipe é uma receita tradicional muito apreciada, ideal para refeições em família.', 58, 5, 'Média', 6),
('Feijoada da Vitor', 'Feijoada da Vitor é uma receita tradicional muito apreciada, ideal para refeições em família.', 73, 8, 'Fácil', 6),
('Bobó de Camarão da Pedro', 'Bobó de Camarão da Pedro é uma receita tradicional muito apreciada, ideal para refeições em família.', 22, 10, 'Difícil', 6),
('Arroz Doce da Laura', 'Arroz Doce da Laura é uma receita tradicional muito apreciada, ideal para refeições em família.', 39, 5, 'Fácil', 6),
('Moqueca da João Gabriel', 'Moqueca da João Gabriel é uma receita tradicional muito apreciada, ideal para refeições em família.', 30, 4, 'Média', 6),
('Lasanha da Caio', 'Lasanha da Caio é uma receita tradicional muito apreciada, ideal para refeições em família.', 101, 4, 'Fácil', 6),
('Feijoada da Carlos Eduardo', 'Feijoada da Carlos Eduardo é uma receita tradicional muito apreciada, ideal para refeições em família.', 89, 8, 'Difícil', 6),
('Tutu de Feijão da Isis', 'Tutu de Feijão da Isis é uma receita tradicional muito apreciada, ideal para refeições em família.', 70, 7, 'Difícil', 6),
('Cuscuz da Thomas', 'Cuscuz da Thomas é uma receita tradicional muito apreciada, ideal para refeições em família.', 93, 2, 'Difícil', 6),
('Arroz Doce da Isabelly', 'Arroz Doce da Isabelly é uma receita tradicional muito apreciada, ideal para refeições em família.', 99, 2, 'Difícil', 6),
('Pudim da Anthony', 'Pudim da Anthony é uma receita tradicional muito apreciada, ideal para refeições em família.', 21, 7, 'Média', 6),
('Bolo de Cenoura da Yasmin', 'Bolo de Cenoura da Yasmin é uma receita tradicional muito apreciada, ideal para refeições em família.', 78, 5, 'Média', 6),
('Cuscuz da Benjamin', 'Cuscuz da Benjamin é uma receita tradicional muito apreciada, ideal para refeições em família.', 31, 6, 'Fácil', 6),
('Feijoada da Clarice', 'Feijoada da Clarice é uma receita tradicional muito apreciada, ideal para refeições em família.', 111, 9, 'Média', 6),
('Cuscuz da Caio', 'Cuscuz da Caio é uma receita tradicional muito apreciada, ideal para refeições em família.', 34, 3, 'Difícil', 6),
('Moqueca da Manuela', 'Moqueca da Manuela é uma receita tradicional muito apreciada, ideal para refeições em família.', 44, 3, 'Difícil', 6),
('Lasanha da Marcelo', 'Lasanha da Marcelo é uma receita tradicional muito apreciada, ideal para refeições em família.', 94, 4, 'Difícil', 6),
('Bobó de Camarão da Emilly', 'Bobó de Camarão da Emilly é uma receita tradicional muito apreciada, ideal para refeições em família.', 26, 8, 'Fácil', 6),
('Lasanha da Sarah', 'Lasanha da Sarah é uma receita tradicional muito apreciada, ideal para refeições em família.', 34, 8, 'Difícil', 6),
('Moqueca da Emanuel', 'Moqueca da Emanuel é uma receita tradicional muito apreciada, ideal para refeições em família.', 106, 5, 'Média', 6),
('Lasanha da Alexia', 'Lasanha da Alexia é uma receita tradicional muito apreciada, ideal para refeições em família.', 67, 10, 'Média', 6),
('Bobó de Camarão da João Pedro', 'Bobó de Camarão da João Pedro é uma receita tradicional muito apreciada, ideal para refeições em família.', 28, 5, 'Fácil', 6),
('Lasanha da Matheus', 'Lasanha da Matheus é uma receita tradicional muito apreciada, ideal para refeições em família.', 43, 6, 'Média', 6),
('Escondidinho da Lara', 'Escondidinho da Lara é uma receita tradicional muito apreciada, ideal para refeições em família.', 46, 6, 'Média', 6),
('Moqueca da Sarah', 'Moqueca da Sarah é uma receita tradicional muito apreciada, ideal para refeições em família.', 70, 2, 'Média', 6),
('Bobó de Camarão da Bruno', 'Bobó de Camarão da Bruno é uma receita tradicional muito apreciada, ideal para refeições em família.', 65, 4, 'Média', 6),
('Pudim da Lara', 'Pudim da Lara é uma receita tradicional muito apreciada, ideal para refeições em família.', 64, 7, 'Média', 7),
('Bobó de Camarão da Juan', 'Bobó de Camarão da Juan é uma receita tradicional muito apreciada, ideal para refeições em família.', 106, 10, 'Média', 7),
('Cuscuz da Sabrina', 'Cuscuz da Sabrina é uma receita tradicional muito apreciada, ideal para refeições em família.', 106, 8, 'Fácil', 7),
('Escondidinho da Heloísa', 'Escondidinho da Heloísa é uma receita tradicional muito apreciada, ideal para refeições em família.', 67, 8, 'Média', 7),
('Tutu de Feijão da Mariane', 'Tutu de Feijão da Mariane é uma receita tradicional muito apreciada, ideal para refeições em família.', 59, 10, 'Difícil', 7),
('Tutu de Feijão da Esther', 'Tutu de Feijão da Esther é uma receita tradicional muito apreciada, ideal para refeições em família.', 104, 5, 'Média', 7),
('Pudim da Felipe', 'Pudim da Felipe é uma receita tradicional muito apreciada, ideal para refeições em família.', 100, 7, 'Fácil', 7),
('Pudim da Laura', 'Pudim da Laura é uma receita tradicional muito apreciada, ideal para refeições em família.', 40, 3, 'Difícil', 7),
('Arroz Doce da Yago', 'Arroz Doce da Yago é uma receita tradicional muito apreciada, ideal para refeições em família.', 100, 4, 'Fácil', 7),
('Tutu de Feijão da Fernanda', 'Tutu de Feijão da Fernanda é uma receita tradicional muito apreciada, ideal para refeições em família.', 98, 2, 'Média', 7),
('Pudim da Joana', 'Pudim da Joana é uma receita tradicional muito apreciada, ideal para refeições em família.', 76, 3, 'Difícil', 7),
('Escondidinho da Rafael', 'Escondidinho da Rafael é uma receita tradicional muito apreciada, ideal para refeições em família.', 68, 9, 'Média', 7),
('Arroz Doce da Lucas Gabriel', 'Arroz Doce da Lucas Gabriel é uma receita tradicional muito apreciada, ideal para refeições em família.', 56, 10, 'Difícil', 7),
('Feijoada da Larissa', 'Feijoada da Larissa é uma receita tradicional muito apreciada, ideal para refeições em família.', 77, 9, 'Difícil', 7),
('Cuscuz da Vicente', 'Cuscuz da Vicente é uma receita tradicional muito apreciada, ideal para refeições em família.', 119, 10, 'Difícil', 7),
('Cuscuz da Pedro', 'Cuscuz da Pedro é uma receita tradicional muito apreciada, ideal para refeições em família.', 98, 4, 'Difícil', 7),
('Bobó de Camarão da Raul', 'Bobó de Camarão da Raul é uma receita tradicional muito apreciada, ideal para refeições em família.', 99, 6, 'Média', 7),
('Bobó de Camarão da Lucas', 'Bobó de Camarão da Lucas é uma receita tradicional muito apreciada, ideal para refeições em família.', 96, 10, 'Fácil', 7),
('Moqueca da Enzo Gabriel', 'Moqueca da Enzo Gabriel é uma receita tradicional muito apreciada, ideal para refeições em família.', 115, 9, 'Média', 7),
('Feijoada da Stella', 'Feijoada da Stella é uma receita tradicional muito apreciada, ideal para refeições em família.', 104, 6, 'Média', 7),
('Bolo de Cenoura da Heitor', 'Bolo de Cenoura da Heitor é uma receita tradicional muito apreciada, ideal para refeições em família.', 32, 8, 'Difícil', 7),
('Escondidinho da Alana', 'Escondidinho da Alana é uma receita tradicional muito apreciada, ideal para refeições em família.', 25, 8, 'Média', 7),
('Bolo de Cenoura da Anthony', 'Bolo de Cenoura da Anthony é uma receita tradicional muito apreciada, ideal para refeições em família.', 76, 5, 'Fácil', 7),
('Arroz Doce da João Pedro', 'Arroz Doce da João Pedro é uma receita tradicional muito apreciada, ideal para refeições em família.', 117, 3, 'Fácil', 7),
('Escondidinho da Lívia', 'Escondidinho da Lívia é uma receita tradicional muito apreciada, ideal para refeições em família.', 35, 8, 'Fácil', 7),
('Escondidinho da Esther', 'Escondidinho da Esther é uma receita tradicional muito apreciada, ideal para refeições em família.', 32, 6, 'Média', 7),
('Tutu de Feijão da Luana', 'Tutu de Feijão da Luana é uma receita tradicional muito apreciada, ideal para refeições em família.', 22, 6, 'Difícil', 7),
('Escondidinho da Thales', 'Escondidinho da Thales é uma receita tradicional muito apreciada, ideal para refeições em família.', 21, 5, 'Média', 7),
('Lasanha da Isabelly', 'Lasanha da Isabelly é uma receita tradicional muito apreciada, ideal para refeições em família.', 49, 6, 'Média', 7),
('Cuscuz da Lara', 'Cuscuz da Lara é uma receita tradicional muito apreciada, ideal para refeições em família.', 69, 9, 'Difícil', 7),
('Lasanha da Bryan', 'Lasanha da Bryan é uma receita tradicional muito apreciada, ideal para refeições em família.', 21, 10, 'Difícil', 7),
('Feijoada da Ana Júlia', 'Feijoada da Ana Júlia é uma receita tradicional muito apreciada, ideal para refeições em família.', 61, 5, 'Difícil', 7),
('Cuscuz da Henrique', 'Cuscuz da Henrique é uma receita tradicional muito apreciada, ideal para refeições em família.', 107, 3, 'Média', 7),
('Tutu de Feijão da Murilo', 'Tutu de Feijão da Murilo é uma receita tradicional muito apreciada, ideal para refeições em família.', 95, 4, 'Fácil', 7),
('Bolo de Cenoura da Theo', 'Bolo de Cenoura da Theo é uma receita tradicional muito apreciada, ideal para refeições em família.', 64, 7, 'Fácil', 7),
('Bolo de Cenoura da Isabel', 'Bolo de Cenoura da Isabel é uma receita tradicional muito apreciada, ideal para refeições em família.', 79, 6, 'Média', 7),
('Bolo de Cenoura da Lucas', 'Bolo de Cenoura da Lucas é uma receita tradicional muito apreciada, ideal para refeições em família.', 34, 5, 'Média', 7),
('Lasanha da Bernardo', 'Lasanha da Bernardo é uma receita tradicional muito apreciada, ideal para refeições em família.', 57, 4, 'Média', 8),
('Pudim da João Miguel', 'Pudim da João Miguel é uma receita tradicional muito apreciada, ideal para refeições em família.', 105, 3, 'Média', 8),
('Bobó de Camarão da Anthony', 'Bobó de Camarão da Anthony é uma receita tradicional muito apreciada, ideal para refeições em família.', 96, 3, 'Média', 8),
('Moqueca da Letícia', 'Moqueca da Letícia é uma receita tradicional muito apreciada, ideal para refeições em família.', 51, 8, 'Média', 8),
('Tutu de Feijão da Leandro', 'Tutu de Feijão da Leandro é uma receita tradicional muito apreciada, ideal para refeições em família.', 111, 4, 'Fácil', 8),
('Tutu de Feijão da Felipe', 'Tutu de Feijão da Felipe é uma receita tradicional muito apreciada, ideal para refeições em família.', 101, 6, 'Difícil', 8),
('Feijoada da Gustavo', 'Feijoada da Gustavo é uma receita tradicional muito apreciada, ideal para refeições em família.', 49, 7, 'Difícil', 8),
('Pudim da Leonardo', 'Pudim da Leonardo é uma receita tradicional muito apreciada, ideal para refeições em família.', 23, 10, 'Fácil', 8),
('Arroz Doce da Gabriela', 'Arroz Doce da Gabriela é uma receita tradicional muito apreciada, ideal para refeições em família.', 37, 9, 'Fácil', 8),
('Arroz Doce da Bianca', 'Arroz Doce da Bianca é uma receita tradicional muito apreciada, ideal para refeições em família.', 26, 10, 'Difícil', 8),
('Cuscuz da Raul', 'Cuscuz da Raul é uma receita tradicional muito apreciada, ideal para refeições em família.', 69, 4, 'Média', 8),
('Feijoada da Alexandre', 'Feijoada da Alexandre é uma receita tradicional muito apreciada, ideal para refeições em família.', 110, 5, 'Difícil', 8),
('Bobó de Camarão da Bruna', 'Bobó de Camarão da Bruna é uma receita tradicional muito apreciada, ideal para refeições em família.', 92, 4, 'Difícil', 8),
('Pudim da Vinicius', 'Pudim da Vinicius é uma receita tradicional muito apreciada, ideal para refeições em família.', 82, 7, 'Média', 8),
('Arroz Doce da Vicente', 'Arroz Doce da Vicente é uma receita tradicional muito apreciada, ideal para refeições em família.', 71, 3, 'Fácil', 8),
('Arroz Doce da Nicole', 'Arroz Doce da Nicole é uma receita tradicional muito apreciada, ideal para refeições em família.', 35, 5, 'Difícil', 8),
('Feijoada da Raul', 'Feijoada da Raul é uma receita tradicional muito apreciada, ideal para refeições em família.', 74, 2, 'Média', 8),
('Tutu de Feijão da Manuela', 'Tutu de Feijão da Manuela é uma receita tradicional muito apreciada, ideal para refeições em família.', 96, 7, 'Fácil', 8),
('Bolo de Cenoura da Maria Vitória', 'Bolo de Cenoura da Maria Vitória é uma receita tradicional muito apreciada, ideal para refeições em família.', 47, 5, 'Fácil', 8),
('Bobó de Camarão da Julia', 'Bobó de Camarão da Julia é uma receita tradicional muito apreciada, ideal para refeições em família.', 117, 9, 'Difícil', 8),
('Cuscuz da Leandro', 'Cuscuz da Leandro é uma receita tradicional muito apreciada, ideal para refeições em família.', 82, 9, 'Difícil', 8),
('Lasanha da Ana Júlia', 'Lasanha da Ana Júlia é uma receita tradicional muito apreciada, ideal para refeições em família.', 32, 6, 'Média', 8),
('Bolo de Cenoura da Rodrigo', 'Bolo de Cenoura da Rodrigo é uma receita tradicional muito apreciada, ideal para refeições em família.', 57, 10, 'Fácil', 8),
('Escondidinho da João Felipe', 'Escondidinho da João Felipe é uma receita tradicional muito apreciada, ideal para refeições em família.', 116, 6, 'Difícil', 8),
('Cuscuz da Valentina', 'Cuscuz da Valentina é uma receita tradicional muito apreciada, ideal para refeições em família.', 49, 6, 'Média', 8),
('Bolo de Cenoura da Laura', 'Bolo de Cenoura da Laura é uma receita tradicional muito apreciada, ideal para refeições em família.', 118, 7, 'Média', 8),
('Cuscuz da Alice', 'Cuscuz da Alice é uma receita tradicional muito apreciada, ideal para refeições em família.', 112, 4, 'Difícil', 8),
('Feijoada da Ana Vitória', 'Feijoada da Ana Vitória é uma receita tradicional muito apreciada, ideal para refeições em família.', 60, 10, 'Fácil', 8),
('Bolo de Cenoura da Luiz Otávio', 'Bolo de Cenoura da Luiz Otávio é uma receita tradicional muito apreciada, ideal para refeições em família.', 107, 8, 'Fácil', 8),
('Moqueca da Mariana', 'Moqueca da Mariana é uma receita tradicional muito apreciada, ideal para refeições em família.', 74, 9, 'Média', 8),
('Lasanha da Manuela', 'Lasanha da Manuela é uma receita tradicional muito apreciada, ideal para refeições em família.', 116, 9, 'Média', 8),
('Pudim da Ana Júlia', 'Pudim da Ana Júlia é uma receita tradicional muito apreciada, ideal para refeições em família.', 23, 2, 'Fácil', 8),
('Pudim da Pietra', 'Pudim da Pietra é uma receita tradicional muito apreciada, ideal para refeições em família.', 25, 2, 'Difícil', 8),
('Lasanha da Eduardo', 'Lasanha da Eduardo é uma receita tradicional muito apreciada, ideal para refeições em família.', 54, 8, 'Fácil', 8);

-- Inserção de ingredientes
INSERT INTO ingredientes (receita_id, nome, quantidade, unidade) VALUES
(1, 'Leite condensado', 99.9, 'xícaras'),
(1, 'Ovos', 160.8, 'g'),
(1, 'Cebola', 107.7, 'g'),
(1, 'Tomate', 470.1, 'ml'),
(1, 'Açúcar', 166.2, 'colheres'),
(1, 'Tomate', 66.7, 'g'),
(2, 'Pimentão', 187.8, 'colheres'),
(2, 'Açúcar', 299.9, 'g'),
(2, 'Pimentão', 212.9, 'g'),
(2, 'Coco ralado', 273.6, 'unidades'),
(2, 'Alho', 59.6, 'xícaras'),
(3, 'Açúcar', 215.0, 'unidades'),
(3, 'Farinha de trigo', 154.1, 'unidades'),
(3, 'Açúcar', 499.1, 'colheres'),
(3, 'Leite condensado', 81.5, 'g'),
(3, 'Camarão', 336.3, 'g'),
(3, 'Pimentão', 56.1, 'colheres'),
(4, 'Queijo ralado', 150.2, 'ml'),
(4, 'Pimentão', 197.5, 'colheres'),
(4, 'Pimentão', 434.2, 'ml'),
(5, 'Coco ralado', 146.1, 'ml'),
(5, 'Camarão', 373.2, 'unidades'),
(5, 'Farinha de trigo', 436.4, 'xícaras'),
(5, 'Carne seca', 78.6, 'ml'),
(5, 'Açúcar', 348.1, 'xícaras'),
(6, 'Queijo ralado', 496.5, 'g'),
(6, 'Cebola', 382.8, 'unidades'),
(6, 'Cebola', 440.5, 'g'),
(6, 'Leite condensado', 194.8, 'xícaras'),
(7, 'Farinha de trigo', 386.7, 'unidades'),
(7, 'Carne seca', 405.4, 'g'),
(7, 'Cebola', 468.3, 'xícaras'),
(7, 'Cebola', 170.2, 'ml'),
(8, 'Ovos', 487.2, 'colheres'),
(8, 'Leite condensado', 157.8, 'ml'),
(8, 'Tomate', 216.5, 'ml'),
(8, 'Açúcar', 70.2, 'xícaras'),
(8, 'Camarão', 497.0, 'colheres'),
(8, 'Tomate', 304.3, 'ml'),
(9, 'Carne seca', 94.9, 'unidades'),
(9, 'Tomate', 304.5, 'ml'),
(9, 'Farinha de trigo', 61.1, 'colheres'),
(10, 'Leite condensado', 162.6, 'g'),
(10, 'Cebola', 365.6, 'g'),
(10, 'Cebola', 344.1, 'xícaras'),
(10, 'Queijo ralado', 291.8, 'ml'),
(11, 'Açúcar', 87.2, 'colheres'),
(11, 'Leite condensado', 233.3, 'g'),
(11, 'Ovos', 118.5, 'xícaras'),
(11, 'Camarão', 398.1, 'ml'),
(12, 'Alho', 66.6, 'g'),
(12, 'Tomate', 356.0, 'g'),
(12, 'Coco ralado', 344.1, 'ml'),
(12, 'Coco ralado', 250.3, 'xícaras'),
(12, 'Carne seca', 387.5, 'colheres'),
(13, 'Carne seca', 448.7, 'ml'),
(13, 'Cebola', 267.7, 'unidades'),
(13, 'Açúcar', 381.2, 'colheres'),
(13, 'Carne seca', 66.1, 'xícaras'),
(14, 'Ovos', 112.4, 'g'),
(14, 'Camarão', 476.0, 'g'),
(14, 'Tomate', 429.1, 'xícaras'),
(14, 'Açúcar', 431.2, 'xícaras'),
(14, 'Queijo ralado', 454.7, 'xícaras'),
(14, 'Coco ralado', 390.0, 'xícaras'),
(15, 'Leite condensado', 231.2, 'colheres'),
(15, 'Queijo ralado', 74.2, 'colheres'),
(15, 'Carne seca', 88.9, 'colheres'),
(16, 'Pimentão', 238.6, 'g'),
(16, 'Tomate', 65.1, 'g'),
(16, 'Cebola', 413.9, 'g'),
(17, 'Açúcar', 175.3, 'xícaras'),
(17, 'Ovos', 229.7, 'xícaras'),
(17, 'Pimentão', 406.8, 'unidades'),
(18, 'Farinha de trigo', 407.6, 'colheres'),
(18, 'Farinha de trigo', 476.7, 'colheres'),
(18, 'Ovos', 131.1, 'unidades'),
(18, 'Coco ralado', 331.3, 'colheres'),
(18, 'Camarão', 490.7, 'unidades'),
(19, 'Alho', 376.3, 'xícaras'),
(19, 'Ovos', 351.8, 'unidades'),
(19, 'Pimentão', 185.9, 'ml'),
(19, 'Ovos', 488.8, 'xícaras'),
(19, 'Ovos', 92.4, 'unidades'),
(19, 'Alho', 432.1, 'g'),
(20, 'Carne seca', 226.7, 'g'),
(20, 'Tomate', 348.2, 'unidades'),
(20, 'Leite condensado', 203.2, 'g'),
(20, 'Alho', 64.8, 'colheres'),
(20, 'Farinha de trigo', 370.8, 'g'),
(21, 'Coco ralado', 436.0, 'g'),
(21, 'Carne seca', 82.0, 'unidades'),
(21, 'Farinha de trigo', 112.0, 'g'),
(21, 'Camarão', 160.2, 'unidades'),
(21, 'Tomate', 83.4, 'g'),
(21, 'Queijo ralado', 262.7, 'g'),
(22, 'Ovos', 246.1, 'unidades'),
(22, 'Coco ralado', 381.4, 'colheres'),
(22, 'Carne seca', 320.1, 'colheres'),
(22, 'Tomate', 384.5, 'colheres'),
(22, 'Alho', 108.7, 'unidades'),
(22, 'Camarão', 254.4, 'ml'),
(23, 'Coco ralado', 177.8, 'xícaras'),
(23, 'Queijo ralado', 456.3, 'colheres'),
(23, 'Alho', 353.4, 'colheres'),
(23, 'Coco ralado', 463.8, 'ml'),
(24, 'Pimentão', 184.4, 'ml'),
(24, 'Coco ralado', 357.1, 'unidades'),
(24, 'Ovos', 70.5, 'xícaras'),
(24, 'Açúcar', 159.1, 'g'),
(24, 'Cebola', 217.7, 'ml'),
(24, 'Açúcar', 63.1, 'xícaras'),
(25, 'Alho', 224.2, 'g'),
(25, 'Açúcar', 339.2, 'colheres'),
(25, 'Cebola', 374.8, 'g'),
(25, 'Camarão', 371.5, 'ml'),
(25, 'Tomate', 405.2, 'colheres'),
(25, 'Camarão', 262.5, 'xícaras'),
(26, 'Camarão', 446.1, 'xícaras'),
(26, 'Cebola', 134.2, 'ml'),
(26, 'Pimentão', 468.0, 'unidades'),
(27, 'Coco ralado', 315.5, 'colheres'),
(27, 'Carne seca', 68.2, 'ml'),
(27, 'Farinha de trigo', 262.0, 'unidades'),
(27, 'Farinha de trigo', 86.4, 'ml'),
(27, 'Ovos', 347.9, 'g'),
(28, 'Alho', 253.3, 'xícaras'),
(28, 'Camarão', 376.1, 'xícaras'),
(28, 'Coco ralado', 137.5, 'colheres'),
(28, 'Queijo ralado', 416.9, 'unidades'),
(28, 'Ovos', 330.3, 'g'),
(29, 'Carne seca', 78.3, 'g'),
(29, 'Carne seca', 213.6, 'unidades'),
(29, 'Cebola', 461.5, 'colheres'),
(29, 'Farinha de trigo', 491.0, 'g'),
(30, 'Leite condensado', 103.4, 'ml'),
(30, 'Carne seca', 314.9, 'colheres'),
(30, 'Coco ralado', 451.1, 'ml'),
(30, 'Ovos', 350.2, 'ml'),
(31, 'Ovos', 433.6, 'colheres'),
(31, 'Tomate', 357.8, 'unidades'),
(31, 'Açúcar', 212.7, 'unidades'),
(31, 'Camarão', 135.5, 'ml'),
(31, 'Farinha de trigo', 459.0, 'ml'),
(32, 'Camarão', 75.5, 'unidades'),
(32, 'Açúcar', 337.6, 'g'),
(32, 'Açúcar', 361.9, 'colheres'),
(33, 'Pimentão', 92.0, 'unidades'),
(33, 'Alho', 453.9, 'g'),
(33, 'Leite condensado', 55.4, 'ml'),
(33, 'Alho', 247.6, 'colheres'),
(33, 'Açúcar', 95.9, 'xícaras'),
(34, 'Ovos', 140.8, 'g'),
(34, 'Carne seca', 291.8, 'unidades'),
(34, 'Leite condensado', 60.6, 'g'),
(34, 'Coco ralado', 78.4, 'xícaras'),
(34, 'Carne seca', 73.0, 'unidades'),
(34, 'Tomate', 311.2, 'unidades'),
(35, 'Queijo ralado', 65.3, 'unidades'),
(35, 'Cebola', 328.2, 'colheres'),
(35, 'Açúcar', 101.4, 'colheres'),
(35, 'Pimentão', 249.1, 'g'),
(35, 'Farinha de trigo', 306.2, 'xícaras'),
(36, 'Tomate', 286.5, 'colheres'),
(36, 'Farinha de trigo', 249.9, 'ml'),
(36, 'Coco ralado', 115.8, 'unidades'),
(37, 'Açúcar', 443.7, 'colheres'),
(37, 'Leite condensado', 437.0, 'g'),
(37, 'Cebola', 90.4, 'colheres'),
(37, 'Tomate', 413.9, 'colheres'),
(37, 'Queijo ralado', 144.3, 'unidades'),
(38, 'Açúcar', 406.1, 'colheres'),
(38, 'Cebola', 252.8, 'ml'),
(38, 'Pimentão', 127.4, 'unidades'),
(38, 'Carne seca', 489.4, 'unidades'),
(38, 'Leite condensado', 298.1, 'g'),
(38, 'Farinha de trigo', 170.2, 'ml'),
(39, 'Cebola', 425.4, 'colheres'),
(39, 'Coco ralado', 493.9, 'g'),
(39, 'Açúcar', 317.0, 'g'),
(39, 'Queijo ralado', 372.4, 'ml'),
(40, 'Queijo ralado', 379.9, 'ml'),
(40, 'Camarão', 121.6, 'g'),
(40, 'Ovos', 355.1, 'g'),
(40, 'Alho', 98.6, 'xícaras'),
(40, 'Pimentão', 482.1, 'unidades'),
(40, 'Camarão', 73.6, 'colheres'),
(41, 'Carne seca', 167.7, 'ml'),
(41, 'Camarão', 443.2, 'colheres'),
(41, 'Tomate', 69.3, 'unidades'),
(41, 'Tomate', 237.6, 'xícaras'),
(41, 'Tomate', 78.5, 'xícaras'),
(41, 'Leite condensado', 491.6, 'unidades'),
(42, 'Farinha de trigo', 129.9, 'g'),
(42, 'Ovos', 267.1, 'colheres'),
(42, 'Tomate', 284.5, 'ml'),
(42, 'Alho', 265.7, 'ml'),
(42, 'Cebola', 134.4, 'colheres'),
(43, 'Açúcar', 55.4, 'unidades'),
(43, 'Cebola', 366.6, 'ml'),
(43, 'Queijo ralado', 326.5, 'g'),
(43, 'Ovos', 399.0, 'unidades'),
(44, 'Farinha de trigo', 394.3, 'ml'),
(44, 'Alho', 497.5, 'g'),
(44, 'Farinha de trigo', 140.6, 'unidades'),
(44, 'Leite condensado', 274.2, 'unidades'),
(44, 'Carne seca', 163.3, 'xícaras'),
(45, 'Açúcar', 130.3, 'colheres'),
(45, 'Ovos', 430.3, 'xícaras'),
(45, 'Ovos', 63.7, 'g'),
(46, 'Ovos', 267.9, 'unidades'),
(46, 'Coco ralado', 130.7, 'g'),
(46, 'Tomate', 357.5, 'unidades'),
(46, 'Queijo ralado', 371.0, 'g'),
(46, 'Queijo ralado', 264.7, 'ml'),
(46, 'Cebola', 87.1, 'unidades'),
(47, 'Farinha de trigo', 273.1, 'g'),
(47, 'Tomate', 344.0, 'ml'),
(47, 'Camarão', 349.9, 'ml'),
(47, 'Ovos', 93.3, 'unidades'),
(47, 'Leite condensado', 494.2, 'ml'),
(47, 'Farinha de trigo', 176.8, 'xícaras'),
(48, 'Pimentão', 72.9, 'xícaras'),
(48, 'Cebola', 266.3, 'ml'),
(48, 'Pimentão', 308.2, 'g'),
(48, 'Açúcar', 406.5, 'g'),
(48, 'Tomate', 177.3, 'ml'),
(49, 'Farinha de trigo', 300.7, 'ml'),
(49, 'Tomate', 238.6, 'colheres'),
(49, 'Farinha de trigo', 322.2, 'colheres'),
(49, 'Tomate', 429.1, 'colheres'),
(50, 'Alho', 316.7, 'ml'),
(50, 'Tomate', 313.1, 'ml'),
(50, 'Carne seca', 431.0, 'xícaras'),
(50, 'Camarão', 436.4, 'ml'),
(50, 'Coco ralado', 454.6, 'ml'),
(51, 'Carne seca', 469.1, 'ml'),
(51, 'Carne seca', 226.3, 'colheres'),
(51, 'Alho', 455.2, 'xícaras'),
(52, 'Tomate', 367.2, 'g'),
(52, 'Açúcar', 259.3, 'unidades'),
(52, 'Coco ralado', 463.3, 'ml'),
(52, 'Açúcar', 123.5, 'g'),
(52, 'Alho', 274.5, 'colheres'),
(52, 'Pimentão', 109.5, 'ml'),
(53, 'Cebola', 433.6, 'colheres'),
(53, 'Camarão', 372.9, 'xícaras'),
(53, 'Alho', 370.9, 'unidades'),
(53, 'Pimentão', 243.4, 'ml'),
(53, 'Cebola', 175.1, 'g'),
(53, 'Coco ralado', 156.4, 'ml'),
(54, 'Carne seca', 76.8, 'ml'),
(54, 'Leite condensado', 336.0, 'colheres'),
(54, 'Cebola', 156.1, 'colheres'),
(54, 'Queijo ralado', 368.3, 'ml'),
(54, 'Alho', 349.8, 'xícaras'),
(55, 'Coco ralado', 167.4, 'unidades'),
(55, 'Cebola', 217.0, 'colheres'),
(55, 'Coco ralado', 238.6, 'unidades'),
(55, 'Pimentão', 239.7, 'colheres'),
(56, 'Ovos', 306.5, 'g'),
(56, 'Cebola', 323.7, 'ml'),
(56, 'Cebola', 427.3, 'ml'),
(56, 'Pimentão', 143.0, 'ml'),
(57, 'Tomate', 193.7, 'ml'),
(57, 'Queijo ralado', 298.8, 'ml'),
(57, 'Açúcar', 282.4, 'unidades'),
(57, 'Tomate', 132.4, 'ml'),
(57, 'Ovos', 316.9, 'ml'),
(57, 'Tomate', 125.7, 'g'),
(58, 'Leite condensado', 478.6, 'g'),
(58, 'Tomate', 118.3, 'unidades'),
(58, 'Alho', 408.9, 'xícaras'),
(58, 'Ovos', 366.6, 'xícaras'),
(59, 'Queijo ralado', 461.4, 'g'),
(59, 'Alho', 413.5, 'g'),
(59, 'Tomate', 486.1, 'unidades'),
(59, 'Farinha de trigo', 130.1, 'xícaras'),
(60, 'Queijo ralado', 221.0, 'unidades'),
(60, 'Ovos', 207.1, 'colheres'),
(60, 'Cebola', 96.4, 'xícaras'),
(61, 'Cebola', 191.5, 'unidades'),
(61, 'Alho', 384.2, 'g'),
(61, 'Farinha de trigo', 311.7, 'unidades'),
(61, 'Tomate', 394.6, 'ml'),
(62, 'Tomate', 454.6, 'colheres'),
(62, 'Carne seca', 455.1, 'colheres'),
(62, 'Leite condensado', 181.4, 'ml'),
(63, 'Carne seca', 440.5, 'unidades'),
(63, 'Farinha de trigo', 176.8, 'colheres'),
(63, 'Ovos', 438.1, 'g'),
(64, 'Leite condensado', 61.4, 'colheres'),
(64, 'Camarão', 351.4, 'unidades'),
(64, 'Cebola', 291.7, 'unidades'),
(64, 'Queijo ralado', 142.2, 'xícaras'),
(65, 'Queijo ralado', 188.2, 'unidades'),
(65, 'Carne seca', 314.3, 'unidades'),
(65, 'Ovos', 143.3, 'g'),
(65, 'Cebola', 352.2, 'unidades'),
(65, 'Queijo ralado', 269.2, 'colheres'),
(66, 'Queijo ralado', 497.7, 'xícaras'),
(66, 'Carne seca', 454.5, 'xícaras'),
(66, 'Açúcar', 80.1, 'colheres'),
(66, 'Leite condensado', 453.3, 'unidades'),
(67, 'Coco ralado', 164.9, 'unidades'),
(67, 'Tomate', 482.9, 'g'),
(67, 'Queijo ralado', 165.3, 'xícaras'),
(67, 'Carne seca', 56.6, 'ml'),
(67, 'Farinha de trigo', 474.6, 'xícaras'),
(67, 'Pimentão', 281.3, 'colheres'),
(68, 'Camarão', 134.3, 'unidades'),
(68, 'Tomate', 486.2, 'colheres'),
(68, 'Carne seca', 154.6, 'colheres'),
(68, 'Açúcar', 405.9, 'xícaras'),
(69, 'Leite condensado', 390.7, 'xícaras'),
(69, 'Alho', 427.7, 'unidades'),
(69, 'Alho', 108.2, 'unidades'),
(69, 'Tomate', 71.2, 'g'),
(69, 'Leite condensado', 275.9, 'xícaras'),
(69, 'Coco ralado', 211.5, 'xícaras'),
(70, 'Carne seca', 498.1, 'xícaras'),
(70, 'Cebola', 430.9, 'ml'),
(70, 'Camarão', 472.5, 'colheres'),
(71, 'Ovos', 208.5, 'colheres'),
(71, 'Pimentão', 221.4, 'colheres'),
(71, 'Cebola', 89.4, 'unidades'),
(72, 'Coco ralado', 98.1, 'unidades'),
(72, 'Camarão', 303.2, 'colheres'),
(72, 'Açúcar', 226.2, 'colheres'),
(72, 'Tomate', 342.2, 'unidades'),
(72, 'Cebola', 287.2, 'g'),
(73, 'Queijo ralado', 183.4, 'unidades'),
(73, 'Pimentão', 297.7, 'g'),
(73, 'Farinha de trigo', 159.2, 'g'),
(73, 'Ovos', 249.8, 'ml'),
(74, 'Leite condensado', 163.8, 'xícaras'),
(74, 'Coco ralado', 308.6, 'xícaras'),
(74, 'Pimentão', 127.5, 'colheres'),
(75, 'Carne seca', 433.2, 'unidades'),
(75, 'Carne seca', 289.6, 'ml'),
(75, 'Carne seca', 114.3, 'unidades'),
(76, 'Alho', 313.7, 'ml'),
(76, 'Leite condensado', 494.5, 'ml'),
(76, 'Tomate', 424.5, 'ml'),
(76, 'Camarão', 351.0, 'colheres'),
(77, 'Leite condensado', 389.3, 'g'),
(77, 'Queijo ralado', 205.7, 'g'),
(77, 'Carne seca', 109.1, 'ml'),
(78, 'Carne seca', 492.8, 'colheres'),
(78, 'Tomate', 351.5, 'unidades'),
(78, 'Queijo ralado', 236.1, 'xícaras'),
(78, 'Carne seca', 117.1, 'colheres'),
(78, 'Coco ralado', 433.6, 'g'),
(79, 'Queijo ralado', 446.4, 'g'),
(79, 'Cebola', 462.4, 'xícaras'),
(79, 'Queijo ralado', 428.6, 'colheres'),
(79, 'Carne seca', 145.9, 'unidades'),
(79, 'Camarão', 488.3, 'unidades'),
(79, 'Açúcar', 447.3, 'colheres'),
(80, 'Tomate', 84.4, 'ml'),
(80, 'Alho', 61.7, 'unidades'),
(80, 'Coco ralado', 315.4, 'colheres'),
(80, 'Camarão', 253.7, 'colheres'),
(80, 'Açúcar', 280.8, 'unidades'),
(81, 'Ovos', 65.8, 'colheres'),
(81, 'Açúcar', 312.9, 'g'),
(81, 'Açúcar', 328.5, 'colheres'),
(82, 'Leite condensado', 79.5, 'xícaras'),
(82, 'Ovos', 205.6, 'xícaras'),
(82, 'Coco ralado', 496.8, 'g'),
(83, 'Cebola', 166.6, 'ml'),
(83, 'Açúcar', 229.0, 'ml'),
(83, 'Queijo ralado', 414.8, 'g'),
(83, 'Camarão', 59.9, 'colheres'),
(83, 'Cebola', 131.4, 'colheres'),
(84, 'Coco ralado', 80.6, 'colheres'),
(84, 'Carne seca', 292.5, 'colheres'),
(84, 'Alho', 164.2, 'colheres'),
(84, 'Alho', 253.3, 'colheres'),
(85, 'Farinha de trigo', 305.9, 'unidades'),
(85, 'Leite condensado', 121.1, 'ml'),
(85, 'Ovos', 370.5, 'colheres'),
(85, 'Carne seca', 329.3, 'xícaras'),
(86, 'Carne seca', 57.8, 'ml'),
(86, 'Farinha de trigo', 63.8, 'xícaras'),
(86, 'Carne seca', 270.1, 'unidades'),
(86, 'Tomate', 106.4, 'unidades'),
(86, 'Açúcar', 381.9, 'g'),
(86, 'Camarão', 80.0, 'unidades'),
(87, 'Queijo ralado', 448.3, 'colheres'),
(87, 'Ovos', 416.8, 'g'),
(87, 'Cebola', 384.1, 'colheres'),
(87, 'Tomate', 203.0, 'ml'),
(87, 'Ovos', 136.8, 'ml'),
(87, 'Carne seca', 448.1, 'colheres'),
(88, 'Carne seca', 135.7, 'xícaras'),
(88, 'Pimentão', 113.4, 'g'),
(88, 'Açúcar', 105.0, 'ml'),
(88, 'Ovos', 318.6, 'g'),
(88, 'Pimentão', 321.6, 'ml'),
(89, 'Açúcar', 68.5, 'unidades'),
(89, 'Ovos', 283.3, 'g'),
(89, 'Carne seca', 452.0, 'xícaras'),
(89, 'Cebola', 56.3, 'g'),
(89, 'Queijo ralado', 417.7, 'g'),
(90, 'Cebola', 307.9, 'xícaras'),
(90, 'Camarão', 250.0, 'colheres'),
(90, 'Pimentão', 458.3, 'colheres'),
(90, 'Tomate', 123.7, 'g'),
(90, 'Camarão', 253.2, 'colheres'),
(90, 'Queijo ralado', 477.0, 'ml'),
(91, 'Tomate', 384.2, 'xícaras'),
(91, 'Farinha de trigo', 269.6, 'ml'),
(91, 'Camarão', 221.6, 'ml'),
(92, 'Alho', 475.7, 'unidades'),
(92, 'Açúcar', 489.1, 'unidades'),
(92, 'Ovos', 438.4, 'g'),
(92, 'Camarão', 226.2, 'unidades'),
(93, 'Pimentão', 139.7, 'xícaras'),
(93, 'Leite condensado', 242.7, 'xícaras'),
(93, 'Pimentão', 62.4, 'xícaras'),
(94, 'Coco ralado', 467.7, 'xícaras'),
(94, 'Pimentão', 222.0, 'colheres'),
(94, 'Carne seca', 481.8, 'ml'),
(94, 'Farinha de trigo', 239.0, 'g'),
(94, 'Queijo ralado', 75.1, 'xícaras'),
(95, 'Tomate', 411.6, 'ml'),
(95, 'Pimentão', 134.7, 'ml'),
(95, 'Ovos', 85.9, 'unidades'),
(96, 'Açúcar', 347.0, 'g'),
(96, 'Cebola', 102.9, 'xícaras'),
(96, 'Tomate', 109.6, 'xícaras'),
(96, 'Coco ralado', 276.4, 'colheres'),
(96, 'Farinha de trigo', 143.8, 'g'),
(96, 'Açúcar', 145.0, 'unidades'),
(97, 'Pimentão', 70.6, 'xícaras'),
(97, 'Camarão', 67.0, 'g'),
(97, 'Cebola', 346.7, 'ml'),
(97, 'Açúcar', 485.5, 'unidades'),
(97, 'Leite condensado', 496.9, 'unidades'),
(98, 'Ovos', 200.6, 'colheres'),
(98, 'Ovos', 358.7, 'ml'),
(98, 'Ovos', 470.0, 'unidades'),
(98, 'Tomate', 297.7, 'g'),
(98, 'Ovos', 471.6, 'xícaras'),
(99, 'Camarão', 416.1, 'colheres'),
(99, 'Tomate', 211.2, 'g'),
(99, 'Coco ralado', 172.5, 'ml'),
(100, 'Pimentão', 186.6, 'xícaras'),
(100, 'Farinha de trigo', 201.5, 'unidades'),
(100, 'Coco ralado', 462.7, 'xícaras'),
(100, 'Carne seca', 474.5, 'colheres'),
(100, 'Açúcar', 454.8, 'xícaras'),
(101, 'Pimentão', 224.0, 'g'),
(101, 'Ovos', 89.5, 'ml'),
(101, 'Ovos', 331.5, 'unidades'),
(101, 'Coco ralado', 298.7, 'g'),
(101, 'Camarão', 357.3, 'ml'),
(102, 'Farinha de trigo', 458.3, 'g'),
(102, 'Queijo ralado', 352.3, 'ml'),
(102, 'Coco ralado', 225.4, 'colheres'),
(103, 'Pimentão', 123.4, 'ml'),
(103, 'Leite condensado', 222.9, 'unidades'),
(103, 'Camarão', 351.0, 'unidades'),
(104, 'Leite condensado', 283.8, 'unidades'),
(104, 'Farinha de trigo', 247.4, 'colheres'),
(104, 'Carne seca', 259.7, 'colheres'),
(104, 'Coco ralado', 448.3, 'colheres'),
(104, 'Carne seca', 357.7, 'ml'),
(104, 'Pimentão', 457.0, 'unidades'),
(105, 'Ovos', 371.4, 'unidades'),
(105, 'Leite condensado', 111.0, 'g'),
(105, 'Farinha de trigo', 448.4, 'g'),
(105, 'Ovos', 115.3, 'colheres'),
(105, 'Coco ralado', 315.6, 'g'),
(106, 'Farinha de trigo', 360.0, 'xícaras'),
(106, 'Queijo ralado', 160.0, 'xícaras'),
(106, 'Carne seca', 329.1, 'g'),
(107, 'Queijo ralado', 404.9, 'colheres'),
(107, 'Queijo ralado', 253.6, 'ml'),
(107, 'Ovos', 229.4, 'unidades'),
(108, 'Tomate', 481.9, 'ml'),
(108, 'Queijo ralado', 461.6, 'unidades'),
(108, 'Queijo ralado', 428.7, 'colheres'),
(108, 'Camarão', 498.1, 'g'),
(108, 'Queijo ralado', 326.7, 'unidades'),
(109, 'Alho', 452.1, 'colheres'),
(109, 'Pimentão', 399.7, 'g'),
(109, 'Alho', 54.8, 'xícaras'),
(109, 'Açúcar', 282.8, 'xícaras'),
(110, 'Tomate', 167.1, 'unidades'),
(110, 'Ovos', 420.5, 'colheres'),
(110, 'Pimentão', 165.3, 'xícaras'),
(110, 'Alho', 437.9, 'xícaras'),
(110, 'Ovos', 236.7, 'colheres'),
(110, 'Pimentão', 133.7, 'g'),
(111, 'Açúcar', 405.4, 'g'),
(111, 'Açúcar', 485.9, 'ml'),
(111, 'Ovos', 263.3, 'g'),
(112, 'Tomate', 378.2, 'ml'),
(112, 'Ovos', 256.5, 'colheres'),
(112, 'Ovos', 242.7, 'colheres'),
(113, 'Coco ralado', 359.9, 'colheres'),
(113, 'Carne seca', 274.3, 'colheres'),
(113, 'Queijo ralado', 340.6, 'xícaras'),
(113, 'Tomate', 203.9, 'ml'),
(114, 'Carne seca', 333.8, 'colheres'),
(114, 'Pimentão', 395.9, 'g'),
(114, 'Cebola', 177.1, 'ml'),
(114, 'Ovos', 454.2, 'colheres'),
(115, 'Leite condensado', 130.7, 'ml'),
(115, 'Carne seca', 141.1, 'xícaras'),
(115, 'Cebola', 476.5, 'unidades'),
(115, 'Coco ralado', 163.4, 'xícaras'),
(115, 'Cebola', 185.5, 'unidades'),
(115, 'Leite condensado', 269.7, 'xícaras'),
(116, 'Tomate', 59.5, 'ml'),
(116, 'Farinha de trigo', 417.3, 'g'),
(116, 'Pimentão', 139.0, 'unidades'),
(117, 'Alho', 237.8, 'g'),
(117, 'Pimentão', 124.0, 'ml'),
(117, 'Cebola', 266.2, 'colheres'),
(117, 'Farinha de trigo', 124.2, 'colheres'),
(117, 'Carne seca', 280.7, 'g'),
(118, 'Leite condensado', 332.5, 'xícaras'),
(118, 'Pimentão', 482.8, 'colheres'),
(118, 'Pimentão', 302.3, 'xícaras'),
(118, 'Leite condensado', 175.9, 'unidades'),
(118, 'Alho', 207.0, 'g'),
(119, 'Pimentão', 95.6, 'colheres'),
(119, 'Camarão', 266.9, 'ml'),
(119, 'Pimentão', 110.8, 'unidades'),
(119, 'Camarão', 354.3, 'colheres'),
(119, 'Coco ralado', 400.1, 'unidades'),
(120, 'Ovos', 484.6, 'unidades'),
(120, 'Alho', 178.1, 'xícaras'),
(120, 'Pimentão', 138.6, 'colheres'),
(120, 'Queijo ralado', 373.1, 'colheres'),
(120, 'Pimentão', 337.2, 'unidades'),
(121, 'Alho', 285.4, 'colheres'),
(121, 'Farinha de trigo', 269.3, 'ml'),
(121, 'Tomate', 226.1, 'g'),
(121, 'Tomate', 460.4, 'g'),
(121, 'Cebola', 324.0, 'unidades'),
(121, 'Farinha de trigo', 209.0, 'g'),
(122, 'Farinha de trigo', 116.5, 'ml'),
(122, 'Ovos', 429.2, 'xícaras'),
(122, 'Camarão', 211.9, 'colheres'),
(123, 'Coco ralado', 216.5, 'g'),
(123, 'Alho', 102.3, 'xícaras'),
(123, 'Farinha de trigo', 314.3, 'ml'),
(124, 'Camarão', 147.5, 'unidades'),
(124, 'Tomate', 147.9, 'ml'),
(124, 'Leite condensado', 144.5, 'g'),
(125, 'Farinha de trigo', 417.4, 'colheres'),
(125, 'Farinha de trigo', 331.1, 'xícaras'),
(125, 'Leite condensado', 489.4, 'g'),
(125, 'Açúcar', 152.6, 'xícaras'),
(125, 'Alho', 206.8, 'colheres'),
(125, 'Alho', 283.1, 'ml'),
(126, 'Tomate', 171.5, 'unidades'),
(126, 'Leite condensado', 169.2, 'ml'),
(126, 'Ovos', 469.3, 'xícaras'),
(126, 'Coco ralado', 388.5, 'ml'),
(126, 'Cebola', 97.1, 'unidades'),
(127, 'Coco ralado', 395.7, 'colheres'),
(127, 'Cebola', 198.1, 'ml'),
(127, 'Leite condensado', 227.4, 'xícaras'),
(127, 'Cebola', 416.3, 'unidades'),
(127, 'Leite condensado', 398.1, 'unidades'),
(128, 'Carne seca', 470.2, 'g'),
(128, 'Camarão', 444.0, 'colheres'),
(128, 'Farinha de trigo', 98.2, 'ml'),
(128, 'Coco ralado', 135.4, 'g'),
(128, 'Ovos', 426.6, 'ml'),
(128, 'Camarão', 226.2, 'colheres'),
(129, 'Pimentão', 154.1, 'ml'),
(129, 'Pimentão', 348.8, 'ml'),
(129, 'Açúcar', 366.0, 'ml'),
(130, 'Cebola', 139.9, 'colheres'),
(130, 'Cebola', 139.1, 'g'),
(130, 'Tomate', 343.4, 'colheres'),
(130, 'Pimentão', 161.3, 'unidades'),
(131, 'Coco ralado', 224.8, 'xícaras'),
(131, 'Leite condensado', 59.9, 'colheres'),
(131, 'Queijo ralado', 480.6, 'g'),
(131, 'Ovos', 452.2, 'unidades'),
(132, 'Farinha de trigo', 466.9, 'xícaras'),
(132, 'Alho', 121.0, 'colheres'),
(132, 'Alho', 138.4, 'g'),
(132, 'Ovos', 273.9, 'g'),
(132, 'Carne seca', 142.8, 'colheres'),
(133, 'Pimentão', 55.1, 'unidades'),
(133, 'Camarão', 360.2, 'g'),
(133, 'Ovos', 104.7, 'ml'),
(133, 'Farinha de trigo', 452.0, 'g'),
(133, 'Pimentão', 55.7, 'g'),
(133, 'Pimentão', 67.2, 'unidades'),
(134, 'Carne seca', 416.7, 'ml'),
(134, 'Queijo ralado', 185.8, 'colheres'),
(134, 'Pimentão', 353.7, 'g'),
(134, 'Açúcar', 427.3, 'ml'),
(134, 'Camarão', 490.0, 'colheres'),
(135, 'Tomate', 362.3, 'colheres'),
(135, 'Coco ralado', 307.5, 'g'),
(135, 'Ovos', 317.7, 'colheres'),
(135, 'Cebola', 179.7, 'xícaras'),
(135, 'Camarão', 221.9, 'colheres'),
(135, 'Farinha de trigo', 362.6, 'colheres'),
(136, 'Farinha de trigo', 375.2, 'xícaras'),
(136, 'Alho', 142.9, 'unidades'),
(136, 'Ovos', 60.3, 'ml'),
(136, 'Pimentão', 88.3, 'colheres'),
(136, 'Coco ralado', 187.6, 'g'),
(136, 'Açúcar', 379.9, 'xícaras'),
(137, 'Carne seca', 378.5, 'unidades'),
(137, 'Carne seca', 226.1, 'unidades'),
(137, 'Farinha de trigo', 144.6, 'xícaras'),
(137, 'Ovos', 311.9, 'g'),
(137, 'Farinha de trigo', 487.9, 'ml'),
(137, 'Açúcar', 267.9, 'unidades'),
(138, 'Cebola', 396.3, 'colheres'),
(138, 'Alho', 248.6, 'colheres'),
(138, 'Pimentão', 280.1, 'g'),
(138, 'Coco ralado', 412.1, 'unidades'),
(139, 'Farinha de trigo', 340.0, 'xícaras'),
(139, 'Carne seca', 347.7, 'g'),
(139, 'Açúcar', 143.4, 'colheres'),
(139, 'Cebola', 265.5, 'unidades'),
(139, 'Farinha de trigo', 444.4, 'g'),
(139, 'Camarão', 119.1, 'colheres'),
(140, 'Camarão', 199.5, 'unidades'),
(140, 'Cebola', 71.2, 'ml'),
(140, 'Leite condensado', 272.5, 'xícaras'),
(140, 'Carne seca', 108.9, 'ml'),
(140, 'Tomate', 272.3, 'unidades'),
(140, 'Coco ralado', 311.1, 'xícaras'),
(141, 'Açúcar', 209.3, 'colheres'),
(141, 'Tomate', 255.3, 'g'),
(141, 'Cebola', 317.4, 'ml'),
(141, 'Açúcar', 112.0, 'colheres'),
(142, 'Pimentão', 265.2, 'colheres'),
(142, 'Coco ralado', 130.8, 'xícaras'),
(142, 'Camarão', 77.7, 'ml'),
(142, 'Carne seca', 447.9, 'colheres'),
(142, 'Açúcar', 257.0, 'g'),
(142, 'Coco ralado', 270.4, 'xícaras'),
(143, 'Farinha de trigo', 400.8, 'unidades'),
(143, 'Tomate', 143.6, 'g'),
(143, 'Tomate', 89.5, 'g'),
(143, 'Farinha de trigo', 351.2, 'colheres'),
(143, 'Tomate', 91.7, 'xícaras'),
(144, 'Ovos', 232.6, 'ml'),
(144, 'Queijo ralado', 67.6, 'g'),
(144, 'Carne seca', 436.9, 'unidades'),
(145, 'Alho', 59.6, 'colheres'),
(145, 'Leite condensado', 128.6, 'g'),
(145, 'Camarão', 379.0, 'xícaras'),
(145, 'Coco ralado', 427.9, 'g'),
(145, 'Ovos', 102.2, 'xícaras'),
(146, 'Açúcar', 144.6, 'unidades'),
(146, 'Açúcar', 388.7, 'xícaras'),
(146, 'Farinha de trigo', 440.3, 'unidades'),
(146, 'Cebola', 406.0, 'g'),
(146, 'Carne seca', 301.3, 'g'),
(147, 'Açúcar', 129.9, 'colheres'),
(147, 'Leite condensado', 350.3, 'unidades'),
(147, 'Queijo ralado', 425.6, 'colheres'),
(147, 'Tomate', 125.9, 'g'),
(148, 'Carne seca', 244.3, 'colheres'),
(148, 'Ovos', 435.1, 'colheres'),
(148, 'Queijo ralado', 470.4, 'unidades'),
(148, 'Camarão', 221.6, 'colheres'),
(148, 'Pimentão', 218.1, 'unidades'),
(149, 'Queijo ralado', 233.3, 'colheres'),
(149, 'Carne seca', 78.5, 'g'),
(149, 'Leite condensado', 55.6, 'ml'),
(149, 'Coco ralado', 437.1, 'ml'),
(149, 'Açúcar', 307.9, 'xícaras'),
(150, 'Pimentão', 451.6, 'colheres'),
(150, 'Queijo ralado', 191.6, 'unidades'),
(150, 'Coco ralado', 80.4, 'xícaras'),
(150, 'Alho', 373.8, 'ml'),
(150, 'Camarão', 166.0, 'xícaras'),
(151, 'Carne seca', 418.9, 'ml'),
(151, 'Coco ralado', 279.2, 'colheres'),
(151, 'Queijo ralado', 461.3, 'xícaras'),
(152, 'Camarão', 76.5, 'unidades'),
(152, 'Cebola', 317.3, 'colheres'),
(152, 'Ovos', 489.9, 'g'),
(152, 'Cebola', 196.7, 'colheres'),
(152, 'Açúcar', 225.5, 'ml'),
(152, 'Cebola', 490.1, 'g'),
(153, 'Leite condensado', 382.6, 'colheres'),
(153, 'Tomate', 89.4, 'colheres'),
(153, 'Carne seca', 195.6, 'g'),
(153, 'Pimentão', 170.7, 'colheres'),
(154, 'Camarão', 181.3, 'unidades'),
(154, 'Carne seca', 246.2, 'colheres'),
(154, 'Farinha de trigo', 344.7, 'xícaras'),
(154, 'Farinha de trigo', 324.2, 'colheres'),
(154, 'Ovos', 456.2, 'g'),
(155, 'Ovos', 371.0, 'unidades'),
(155, 'Açúcar', 366.2, 'colheres'),
(155, 'Queijo ralado', 291.5, 'colheres'),
(156, 'Alho', 280.2, 'ml'),
(156, 'Tomate', 267.8, 'g'),
(156, 'Farinha de trigo', 77.1, 'g'),
(156, 'Pimentão', 247.4, 'ml'),
(157, 'Tomate', 330.0, 'g'),
(157, 'Queijo ralado', 383.0, 'unidades'),
(157, 'Leite condensado', 375.3, 'g'),
(157, 'Coco ralado', 483.3, 'xícaras'),
(158, 'Ovos', 203.8, 'colheres'),
(158, 'Açúcar', 61.9, 'unidades'),
(158, 'Tomate', 249.8, 'g'),
(159, 'Farinha de trigo', 88.2, 'unidades'),
(159, 'Camarão', 76.0, 'ml'),
(159, 'Ovos', 379.2, 'g'),
(159, 'Carne seca', 352.7, 'xícaras'),
(160, 'Pimentão', 239.9, 'ml'),
(160, 'Queijo ralado', 408.3, 'xícaras'),
(160, 'Farinha de trigo', 425.0, 'ml'),
(160, 'Leite condensado', 395.6, 'colheres'),
(161, 'Queijo ralado', 253.9, 'ml'),
(161, 'Queijo ralado', 93.4, 'xícaras'),
(161, 'Carne seca', 431.4, 'xícaras'),
(161, 'Queijo ralado', 483.6, 'ml'),
(161, 'Açúcar', 433.5, 'unidades'),
(161, 'Queijo ralado', 477.8, 'colheres'),
(162, 'Pimentão', 120.1, 'xícaras'),
(162, 'Camarão', 169.7, 'g'),
(162, 'Tomate', 495.5, 'xícaras'),
(162, 'Açúcar', 151.6, 'ml'),
(162, 'Camarão', 91.1, 'g'),
(163, 'Queijo ralado', 393.7, 'g'),
(163, 'Carne seca', 126.5, 'colheres'),
(163, 'Pimentão', 332.7, 'colheres'),
(163, 'Leite condensado', 311.0, 'colheres');

-- Inserção de passos
INSERT INTO passos (receita_id, ordem, descricao) VALUES
(1, 1, '1. Cumque soluta quia rerum eligendi a minima incidunt porro nihil.'),
(1, 2, '2. Ad minus commodi quae fugit amet.'),
(1, 3, '3. Veniam quae magni laborum sapiente perferendis illum sit aspernatur est nihil consequatur.'),
(1, 4, '4. Doloremque quod nihil eos veniam neque alias ut consequuntur soluta incidunt aspernatur.'),
(2, 1, '1. Repellat laborum asperiores quisquam impedit ipsum a vero.'),
(2, 2, '2. Aliquam veniam minima a dolorem quos laudantium quos fuga aperiam.'),
(2, 3, '3. Sint ab ad voluptatum maiores nam recusandae tempora deleniti.'),
(2, 4, '4. Quasi ipsam veniam animi a dolores provident corporis facere aliquid ipsum asperiores.'),
(2, 5, '5. Quaerat delectus occaecati earum laboriosam hic.'),
(3, 1, '1. Nesciunt vitae corrupti consequatur atque voluptates quis tenetur.'),
(3, 2, '2. Veniam quod autem dolores doloremque laudantium iste labore sequi non recusandae sunt ipsam.'),
(3, 3, '3. Ipsum delectus optio autem sit voluptatem earum aperiam illo error enim ratione et deserunt.'),
(3, 4, '4. Quae culpa cupiditate amet illo dolore similique.'),
(3, 5, '5. Molestias ullam aut repellat quaerat porro reprehenderit voluptas.'),
(3, 6, '6. Quod modi voluptatibus expedita architecto rem.'),
(4, 1, '1. Excepturi ullam natus soluta eaque architecto id doloribus commodi magni quos aut.'),
(4, 2, '2. Dicta beatae totam esse eaque cupiditate commodi magni minima iste explicabo.'),
(4, 3, '3. Saepe in nisi numquam distinctio maiores quibusdam optio corrupti accusamus nihil ea nobis.'),
(4, 4, '4. Placeat ut inventore nisi facilis in quae odio accusamus.'),
(5, 1, '1. Consequatur quam quod sint voluptate sequi dignissimos temporibus debitis.'),
(5, 2, '2. Atque eaque inventore quos aperiam expedita maxime saepe debitis cupiditate accusamus debitis.'),
(5, 3, '3. Soluta occaecati occaecati consequuntur ipsam dignissimos.'),
(5, 4, '4. Ad recusandae mollitia dicta pariatur quaerat suscipit delectus sapiente.'),
(5, 5, '5. Iusto dignissimos nostrum ratione quisquam voluptates accusamus consequuntur recusandae tempora.'),
(6, 1, '1. Minus nulla occaecati doloremque pariatur reiciendis ut porro accusamus suscipit cum beatae corrupti sequi.'),
(6, 2, '2. Laboriosam eaque nisi maiores in iusto doloremque fugiat nam facilis doloribus.'),
(6, 3, '3. Voluptatibus sequi sint aut nostrum voluptates neque.'),
(6, 4, '4. Expedita architecto provident blanditiis nihil maiores fuga velit ipsa quisquam necessitatibus.'),
(6, 5, '5. Dolores harum assumenda inventore iste inventore culpa.'),
(7, 1, '1. Dignissimos temporibus nihil tempora deserunt eaque tempora nulla omnis sint corrupti.'),
(7, 2, '2. Consectetur error ratione necessitatibus iure adipisci rerum esse quidem ex.'),
(7, 3, '3. Provident natus ut eaque quod voluptatem quasi quia corporis totam similique.'),
(8, 1, '1. Porro hic atque nam eos veritatis aspernatur ab rerum officiis deserunt numquam amet.'),
(8, 2, '2. Amet quo nostrum accusantium hic eaque.'),
(8, 3, '3. Repellendus natus nam omnis officia ipsam dolorem unde laborum totam aperiam suscipit.'),
(9, 1, '1. Aspernatur eum dolores facilis eveniet nesciunt excepturi quaerat voluptatibus ab.'),
(9, 2, '2. Soluta perferendis qui repellendus exercitationem assumenda consequuntur.'),
(9, 3, '3. Illo laborum totam in minus labore delectus sequi eveniet voluptatem nostrum fugiat.'),
(9, 4, '4. Expedita amet optio maiores praesentium quas asperiores aspernatur dolorum non aperiam amet occaecati.'),
(10, 1, '1. Provident ullam recusandae molestiae autem eaque veritatis tempore molestiae.'),
(10, 2, '2. Enim est sit iusto explicabo quod sapiente natus aliquam.'),
(10, 3, '3. Omnis ratione ea mollitia asperiores perferendis delectus quibusdam quam expedita rerum consectetur.'),
(10, 4, '4. Inventore at expedita repellendus ea eius officiis.'),
(10, 5, '5. Soluta earum architecto numquam veniam repellendus inventore eveniet culpa modi temporibus.'),
(10, 6, '6. Totam rerum excepturi ea aspernatur nulla.'),
(11, 1, '1. Vitae atque quo et recusandae accusamus.'),
(11, 2, '2. Nulla distinctio eaque laudantium ratione voluptas odio perferendis quasi in excepturi nesciunt.'),
(11, 3, '3. Voluptate accusantium ex veniam nihil consequatur repudiandae.'),
(11, 4, '4. Quam doloribus iusto id aliquid voluptates explicabo vel.'),
(11, 5, '5. Voluptatem reiciendis iste dignissimos quibusdam dicta ab suscipit facilis eligendi dignissimos.'),
(12, 1, '1. Mollitia omnis dolorem reprehenderit enim ex debitis adipisci minima doloribus odit sunt impedit aliquam.'),
(12, 2, '2. Est beatae delectus nobis perferendis labore rerum minima.'),
(12, 3, '3. Cumque mollitia labore odio numquam suscipit repudiandae recusandae quaerat voluptas doloremque.'),
(13, 1, '1. Modi ipsum praesentium similique fuga eveniet eum aut sit incidunt.'),
(13, 2, '2. Voluptatem vel repudiandae adipisci sequi reiciendis nisi enim voluptatibus voluptates voluptatibus aut quam.'),
(13, 3, '3. Exercitationem cum earum adipisci possimus excepturi esse possimus tenetur ad illo.'),
(13, 4, '4. Voluptatum occaecati voluptatum ullam dolor sint porro fugit.'),
(13, 5, '5. Aspernatur eius corrupti assumenda aperiam quo ratione sapiente.'),
(13, 6, '6. Velit amet atque necessitatibus deleniti aliquid vero.'),
(14, 1, '1. Atque ipsa quidem fuga laudantium eveniet eaque sapiente facere minima quas.'),
(14, 2, '2. Dolores eos corporis ad quae delectus autem nostrum tempore eum architecto.'),
(14, 3, '3. Libero magnam aliquam nobis placeat deleniti.'),
(14, 4, '4. Dolore reprehenderit possimus unde occaecati quae.'),
(14, 5, '5. Eum occaecati cum laboriosam earum porro molestias saepe molestiae ea.'),
(15, 1, '1. Deleniti nisi possimus fugit totam delectus doloremque voluptate quibusdam sapiente rerum.'),
(15, 2, '2. Quam pariatur impedit a laboriosam dignissimos magnam fuga.'),
(15, 3, '3. Corrupti cum dolor maiores minus est culpa hic repellendus.'),
(16, 1, '1. Nostrum enim culpa voluptas autem esse iste doloremque inventore eos totam occaecati.'),
(16, 2, '2. Earum fuga ad perferendis inventore debitis debitis.'),
(16, 3, '3. Magnam tempore praesentium impedit laborum dicta.'),
(16, 4, '4. Voluptatum unde aperiam facere doloribus sapiente rem tempora minima totam.'),
(16, 5, '5. Nobis nobis eaque quos rerum minima voluptatem earum dignissimos.'),
(16, 6, '6. Odit animi aut nam incidunt nam nemo molestias.'),
(17, 1, '1. Placeat ullam adipisci laudantium corrupti impedit sint suscipit maxime officia.'),
(17, 2, '2. Ipsam dolorem eius quas tempora ut impedit similique dolores.'),
(17, 3, '3. Sed aut numquam sit distinctio exercitationem praesentium ex libero dolor.'),
(17, 4, '4. Blanditiis totam non eaque quaerat nostrum doloribus.'),
(17, 5, '5. Ipsam consequuntur deleniti velit unde et rem inventore vel perferendis cumque officia facilis.'),
(17, 6, '6. Sed deserunt placeat quisquam reiciendis necessitatibus accusamus.'),
(18, 1, '1. Reprehenderit voluptatem explicabo in at doloremque architecto.'),
(18, 2, '2. Cum dignissimos hic vel soluta nesciunt sit mollitia.'),
(18, 3, '3. Occaecati iste ipsam tempore omnis eligendi commodi saepe dolor accusamus nesciunt enim.'),
(19, 1, '1. Pariatur atque animi inventore quod expedita alias.'),
(19, 2, '2. Possimus asperiores dignissimos nulla deserunt odit vero tempore suscipit consequuntur beatae quisquam reprehenderit.'),
(19, 3, '3. Nisi illum suscipit at distinctio ad repudiandae.'),
(19, 4, '4. Et enim impedit quibusdam sit dolor quo voluptas alias tempore.'),
(20, 1, '1. Sequi ipsa cumque tempore totam maxime placeat.'),
(20, 2, '2. Inventore quos velit eligendi dolores rem hic.'),
(20, 3, '3. Ex aut animi odit id architecto.'),
(21, 1, '1. Dolorem odit sit provident quaerat ipsum architecto adipisci voluptatem.'),
(21, 2, '2. Impedit quam vero accusamus neque deserunt sint.'),
(21, 3, '3. Occaecati accusantium necessitatibus libero vitae illo ducimus molestias quis.'),
(21, 4, '4. Possimus recusandae corrupti autem veniam eveniet voluptatem eligendi dolore rerum alias.'),
(21, 5, '5. Magnam animi saepe iste quia soluta asperiores temporibus.'),
(22, 1, '1. Neque voluptatibus aliquam possimus nobis veniam similique accusantium eum.'),
(22, 2, '2. Aliquam aut tempore sequi quod accusantium maiores nam reiciendis nihil commodi totam voluptatem.'),
(22, 3, '3. Quibusdam distinctio officia neque a culpa.'),
(22, 4, '4. Dolorum a fuga necessitatibus necessitatibus vitae sit et exercitationem odio excepturi.'),
(23, 1, '1. Vero sint nostrum omnis beatae praesentium praesentium.'),
(23, 2, '2. Et accusamus consequuntur aut id amet recusandae minima eaque.'),
(23, 3, '3. Recusandae quod quod ipsa iusto suscipit molestias.'),
(24, 1, '1. Eum dicta ut reprehenderit facilis voluptatum tempora ipsa nulla nemo.'),
(24, 2, '2. Ducimus quibusdam amet repudiandae facere magni minima consectetur praesentium rerum quos odio.'),
(24, 3, '3. Similique ab tempore inventore ratione ratione.'),
(24, 4, '4. Laborum quis ex assumenda consequuntur molestias debitis delectus soluta veniam quisquam.'),
(24, 5, '5. Voluptatibus doloribus recusandae adipisci est ducimus accusantium praesentium aut perferendis.'),
(25, 1, '1. Dolor libero excepturi distinctio incidunt illum dolores eveniet exercitationem.'),
(25, 2, '2. Similique aliquid nostrum nisi delectus incidunt iure ratione natus recusandae.'),
(25, 3, '3. Perferendis mollitia dolorem ex corrupti fugit molestias.'),
(26, 1, '1. Porro earum mollitia assumenda vel voluptatibus.'),
(26, 2, '2. Dolore itaque itaque nobis voluptas distinctio mollitia.'),
(26, 3, '3. Dolore nulla voluptatibus voluptatem numquam ipsam nemo ipsa.'),
(26, 4, '4. Necessitatibus explicabo blanditiis nesciunt eos minus velit reiciendis nostrum illum.'),
(27, 1, '1. Esse rem amet perferendis sit tempora sapiente ex veniam qui repellat laudantium molestiae.'),
(27, 2, '2. Exercitationem itaque quisquam quod error placeat.'),
(27, 3, '3. Voluptate officia esse ea ullam fugit accusantium omnis possimus fugit dicta quis totam.'),
(28, 1, '1. Iure voluptates repudiandae quia ipsa dolores quas molestias est animi sunt.'),
(28, 2, '2. Repellat amet deserunt eos corrupti maiores architecto.'),
(28, 3, '3. Accusamus tempore esse quos minima veniam.'),
(28, 4, '4. Dolorem fugit tenetur vitae dolore fuga dolor fugiat ab ad ex nulla.'),
(29, 1, '1. Assumenda tempore velit illo culpa doloribus iusto cum recusandae iure.'),
(29, 2, '2. Id nisi culpa quis quod hic molestias doloribus nobis quaerat odit esse.'),
(29, 3, '3. Esse reprehenderit perspiciatis tenetur ad consectetur nemo hic voluptatem commodi quaerat illum.'),
(29, 4, '4. Repellat facere modi minus saepe beatae reprehenderit blanditiis perferendis laudantium reprehenderit possimus.'),
(30, 1, '1. Quo nisi unde ducimus quasi aliquid assumenda.'),
(30, 2, '2. Perspiciatis iure error quas odit vero.'),
(30, 3, '3. Quaerat maxime quo magni quae beatae aut aliquam reprehenderit facilis.'),
(30, 4, '4. Eos vel placeat architecto cumque optio asperiores qui iste perferendis tenetur molestias.'),
(30, 5, '5. Repellat consectetur hic tempora dolore aperiam repellat id facilis nisi deserunt.'),
(30, 6, '6. Tempora necessitatibus dignissimos ex ab itaque nemo cum ipsum quisquam.'),
(31, 1, '1. Aut consequatur iure quo porro autem.'),
(31, 2, '2. Natus tempora voluptates rerum voluptatum eius placeat nostrum corrupti.'),
(31, 3, '3. Illum facilis corrupti molestias odit doloremque quasi dicta.'),
(31, 4, '4. Repellat optio fugiat ratione tenetur repellat nobis quo esse accusamus repellendus alias id.'),
(31, 5, '5. Tempora quis explicabo veritatis harum iste quae vitae.'),
(32, 1, '1. Adipisci vitae architecto non recusandae temporibus.'),
(32, 2, '2. Veritatis magni cupiditate optio pariatur in officiis natus.'),
(32, 3, '3. Recusandae adipisci quisquam laudantium debitis quia nesciunt dignissimos.'),
(32, 4, '4. Optio molestiae dolores expedita a minima earum sint quae voluptatum aspernatur vero nisi.'),
(32, 5, '5. Eum dolore soluta eos delectus explicabo voluptatibus voluptatibus accusamus harum non cupiditate.'),
(33, 1, '1. Veniam quibusdam aliquid cumque neque id delectus quis commodi.'),
(33, 2, '2. Consequatur eos incidunt delectus dicta mollitia exercitationem dolorem excepturi.'),
(33, 3, '3. Tempora quos optio laboriosam nobis voluptatibus adipisci.'),
(34, 1, '1. Commodi nobis quisquam tempora laudantium sunt earum sunt.'),
(34, 2, '2. Occaecati ab soluta porro libero possimus odio in vitae quia explicabo.'),
(34, 3, '3. Dolores praesentium quae est doloribus nulla odit minus aspernatur veritatis voluptatibus.'),
(34, 4, '4. Ducimus tempore ex temporibus dolore facere labore dolorem odio.'),
(35, 1, '1. Perspiciatis consequuntur atque delectus veniam minus ex architecto atque cum assumenda.'),
(35, 2, '2. Error voluptatem facere aperiam beatae ad deleniti aliquam sapiente.'),
(35, 3, '3. Rem nihil eos magnam possimus cumque eligendi saepe.'),
(36, 1, '1. Fugiat aliquam non placeat nisi ipsum et quis esse inventore reiciendis blanditiis ratione impedit.'),
(36, 2, '2. Doloremque possimus sequi eos deserunt rem sint ex.'),
(36, 3, '3. Velit sint aliquid consequuntur doloribus tempore magni mollitia modi ullam.'),
(36, 4, '4. Quasi quaerat ullam adipisci enim nulla cum.'),
(37, 1, '1. Distinctio odio earum ut quod voluptatibus temporibus molestias rerum consequuntur.'),
(37, 2, '2. Quis eveniet fuga ducimus quisquam iure dicta illo.'),
(37, 3, '3. Sequi debitis eum dicta numquam a dolorum hic alias a.'),
(38, 1, '1. At quam enim voluptatibus sit earum.'),
(38, 2, '2. Optio tempore non nostrum eligendi cumque quam accusantium dignissimos.'),
(38, 3, '3. Consequatur eligendi deleniti sit commodi sed a magnam esse beatae ea.'),
(38, 4, '4. Repellat consequuntur quasi nobis nesciunt accusamus error.'),
(38, 5, '5. Amet ut quaerat incidunt placeat inventore modi minus quis illo.'),
(39, 1, '1. Modi minima voluptatem a illo commodi ut iure eum minus.'),
(39, 2, '2. Praesentium ex magni porro quasi eveniet dignissimos consequatur quae.'),
(39, 3, '3. Voluptatum vel rem ad magnam vero repellendus molestiae dolorum molestiae dolores voluptatem.'),
(39, 4, '4. Saepe nihil delectus necessitatibus sit voluptate.'),
(40, 1, '1. Voluptatum omnis ab quisquam sint ducimus placeat molestias in sed quam quidem consequuntur.'),
(40, 2, '2. Rem quae numquam officiis veritatis voluptatum ad atque delectus eius ut.'),
(40, 3, '3. Maiores ullam soluta consectetur non ipsam aliquid corporis officiis dolore aspernatur aliquid inventore.'),
(40, 4, '4. Asperiores veniam illo magni assumenda ipsam nobis inventore in blanditiis eveniet.'),
(40, 5, '5. Odio explicabo totam ex veritatis earum autem fugiat quo necessitatibus.'),
(40, 6, '6. Deleniti dolorum quod facere at voluptatum alias modi cumque odio voluptates.'),
(41, 1, '1. Odit facilis molestiae quaerat quasi laboriosam atque consequuntur distinctio.'),
(41, 2, '2. Excepturi mollitia expedita possimus qui at repellendus voluptate consectetur.'),
(41, 3, '3. Ut nulla hic aspernatur et exercitationem eos.'),
(41, 4, '4. Rem nam dolores enim sequi harum doloremque sunt praesentium voluptates natus quo quo.'),
(41, 5, '5. Praesentium fuga amet accusantium ipsam labore provident laboriosam commodi molestiae voluptatibus earum sapiente.'),
(41, 6, '6. Eius autem consequatur quasi mollitia modi sequi beatae animi quasi voluptatibus praesentium natus.'),
(42, 1, '1. Libero quaerat sapiente illo error facilis unde quo facilis.'),
(42, 2, '2. Facere quae minima sit voluptatum blanditiis porro aliquam natus magnam aspernatur a.'),
(42, 3, '3. Architecto soluta cumque illum sunt quisquam reiciendis dolorum.'),
(42, 4, '4. Perferendis molestias omnis ea amet perspiciatis enim eligendi libero saepe aliquid autem totam.'),
(42, 5, '5. Hic doloremque suscipit ut dolor maxime minima numquam accusamus voluptatem.'),
(42, 6, '6. Doloribus esse aliquam earum veritatis itaque neque ipsam distinctio adipisci rem perspiciatis esse.'),
(43, 1, '1. Neque id pariatur a perferendis quibusdam aliquam at laboriosam occaecati id.'),
(43, 2, '2. Sed voluptates rem accusantium earum perferendis.'),
(43, 3, '3. Repellendus laborum hic commodi tempore voluptate numquam voluptatem perferendis.'),
(44, 1, '1. Incidunt voluptates in iure quasi nihil eos.'),
(44, 2, '2. Ducimus nostrum placeat molestiae modi qui eaque iure beatae ab fugit temporibus.'),
(44, 3, '3. Ut provident eum a assumenda provident recusandae voluptatum veritatis.'),
(44, 4, '4. Quos esse nihil occaecati corrupti sapiente cum ea.'),
(45, 1, '1. Voluptas dolorem aspernatur aliquid tempore doloremque accusamus officia perferendis velit at.'),
(45, 2, '2. Necessitatibus incidunt consectetur placeat cupiditate vitae blanditiis unde est.'),
(45, 3, '3. Rem alias quibusdam dignissimos laboriosam expedita iure delectus ipsam pariatur fugiat quas beatae.'),
(45, 4, '4. Non reprehenderit iusto quod quaerat dolorem laudantium.'),
(46, 1, '1. Necessitatibus ea occaecati temporibus sapiente amet vero incidunt similique laudantium voluptates officiis itaque.'),
(46, 2, '2. Et repudiandae a omnis ex totam facere illum mollitia.'),
(46, 3, '3. Nesciunt non quas est eius ipsum consequatur nam tempore dolores.'),
(46, 4, '4. In dolor cum tempore magnam quae tempore accusantium velit.'),
(47, 1, '1. Nulla impedit dignissimos laborum voluptas tenetur veritatis deleniti autem numquam eum.'),
(47, 2, '2. Explicabo in rem saepe pariatur harum incidunt blanditiis quas.'),
(47, 3, '3. Harum dignissimos voluptas alias molestiae rerum eligendi ex incidunt.'),
(47, 4, '4. Eveniet nisi minima nihil natus deleniti molestiae qui animi.'),
(47, 5, '5. Fuga eaque at ea aut alias ab.'),
(48, 1, '1. Consequuntur voluptatum doloremque maxime alias deserunt nihil nihil asperiores laborum possimus rem.'),
(48, 2, '2. Corrupti nostrum totam beatae ipsa molestiae occaecati.'),
(48, 3, '3. Reprehenderit accusantium corporis id asperiores laudantium.'),
(48, 4, '4. Doloremque possimus ad laboriosam ut repudiandae veritatis velit.'),
(49, 1, '1. Necessitatibus dignissimos quae culpa doloribus numquam recusandae fugit ea ratione.'),
(49, 2, '2. Provident quo natus reprehenderit asperiores harum illo.'),
(49, 3, '3. Quia harum ab autem non animi quisquam similique beatae minima.'),
(49, 4, '4. Aspernatur aliquam possimus dicta magni iusto sunt rem cum quibusdam.'),
(50, 1, '1. Vitae voluptatum voluptates sed aut minus nesciunt ut adipisci aliquam vel dolor.'),
(50, 2, '2. Sunt ipsam dolores et eaque iusto iste tempore labore recusandae.'),
(50, 3, '3. Commodi expedita fugit aut fugit eum asperiores nihil iure eaque eum quibusdam.'),
(50, 4, '4. Velit incidunt numquam fugit at fugit ipsum occaecati eos ipsum officiis cumque unde.'),
(50, 5, '5. Soluta similique atque tempora modi accusantium cum laborum.'),
(50, 6, '6. Facere atque consequuntur impedit consectetur dolor eveniet deserunt adipisci magnam officia.'),
(51, 1, '1. Occaecati deserunt maiores eum praesentium optio magni consequatur vitae reprehenderit ipsam optio vero.'),
(51, 2, '2. Totam beatae provident tenetur ea pariatur reiciendis illum quo accusamus iusto est ex.'),
(51, 3, '3. Similique laborum aperiam fuga beatae minima magnam in quisquam necessitatibus officiis assumenda.'),
(52, 1, '1. Autem a aut rem dicta maxime laboriosam at sit velit sapiente.'),
(52, 2, '2. Nobis quos qui exercitationem corrupti explicabo sit nostrum cupiditate praesentium dolores enim nostrum.'),
(52, 3, '3. Quidem beatae optio culpa minima explicabo.'),
(52, 4, '4. Tempora quis aliquam voluptatibus praesentium quo fuga veniam vel in dolor quas nihil.'),
(53, 1, '1. Molestiae consectetur accusantium aspernatur voluptate illo natus nihil voluptate laudantium soluta.'),
(53, 2, '2. Sapiente nobis assumenda corrupti possimus laborum temporibus eius.'),
(53, 3, '3. Incidunt iste ipsam atque corporis enim numquam beatae.'),
(53, 4, '4. Perspiciatis impedit nihil nisi dicta provident labore autem iure cupiditate iusto saepe.'),
(54, 1, '1. Doloremque a molestiae provident distinctio ut praesentium voluptate iure quo.'),
(54, 2, '2. Voluptas consequuntur consequuntur cupiditate ipsam nostrum officiis.'),
(54, 3, '3. A aspernatur adipisci numquam optio earum cupiditate.'),
(54, 4, '4. Rem at recusandae ipsam omnis fugit ut dicta.'),
(54, 5, '5. Consequatur quasi placeat dicta nisi veritatis vel id.'),
(54, 6, '6. Alias adipisci atque maxime aperiam saepe iusto velit ut inventore necessitatibus.'),
(55, 1, '1. Autem beatae perferendis quasi quibusdam consectetur doloribus eos quia occaecati aperiam a sequi.'),
(55, 2, '2. Nulla consectetur alias error ex rerum esse magnam.'),
(55, 3, '3. Voluptatibus iste quibusdam voluptatem quasi numquam.'),
(55, 4, '4. Accusantium amet autem animi unde ullam cum debitis vero laborum facere temporibus.'),
(55, 5, '5. Dolorem eos modi unde vero laudantium ad ipsum nesciunt dolorem itaque facere.'),
(56, 1, '1. Incidunt explicabo adipisci ipsa iure cumque accusamus ipsum quibusdam temporibus autem temporibus nostrum praesentium.'),
(56, 2, '2. Exercitationem aliquid assumenda eum id mollitia et omnis commodi.'),
(56, 3, '3. Ea cupiditate quod expedita numquam aut.'),
(56, 4, '4. Quod distinctio ullam tempore id libero quas.'),
(56, 5, '5. Quas aspernatur placeat molestiae eaque quos ex.'),
(56, 6, '6. Alias odit aperiam quam ea vitae earum facilis deleniti amet.'),
(57, 1, '1. Aperiam rem reprehenderit ad dolorum ab sequi illum tempore amet.'),
(57, 2, '2. Similique ullam incidunt at dicta sunt velit veritatis aspernatur consequatur.'),
(57, 3, '3. Labore velit quisquam aliquam autem dicta quae aliquid similique possimus voluptate necessitatibus.'),
(58, 1, '1. Tempore aspernatur aliquam sapiente tenetur quod aspernatur.'),
(58, 2, '2. Omnis hic inventore a eveniet aut.'),
(58, 3, '3. A natus ut at quas vitae aliquam nesciunt quisquam.'),
(59, 1, '1. Corporis non officiis maxime eos voluptatibus in non rerum repellat repudiandae similique quis.'),
(59, 2, '2. Ducimus illum pariatur quas ratione ducimus sit esse cum.'),
(59, 3, '3. Repellendus laboriosam tenetur odio quo ipsum nulla architecto placeat saepe dicta.'),
(59, 4, '4. Repellendus vero aspernatur minus culpa similique culpa dolores.'),
(59, 5, '5. Expedita eveniet aliquam non ut accusamus.'),
(60, 1, '1. Quibusdam veritatis nisi fugit quam cum quidem cumque quae adipisci velit natus similique.'),
(60, 2, '2. Veritatis quae laborum incidunt sit ipsum pariatur non amet dicta odit similique sequi.'),
(60, 3, '3. Corrupti eligendi tempore quae fugiat eaque occaecati eos et beatae sequi.'),
(60, 4, '4. Perspiciatis ratione iste totam maiores accusantium ipsum a ex inventore reiciendis rem.'),
(60, 5, '5. Assumenda nisi iste veritatis eligendi quas minima.'),
(60, 6, '6. Nulla natus culpa cum maxime consequuntur perspiciatis sint quos pariatur sint.'),
(61, 1, '1. Alias nulla tempora veritatis atque architecto.'),
(61, 2, '2. Quas eaque voluptas fugit reprehenderit rem necessitatibus deleniti optio quo.'),
(61, 3, '3. Est incidunt deleniti earum minima minus consequatur laudantium officiis libero iure deserunt.'),
(61, 4, '4. Ea incidunt officiis nisi consequuntur consequatur nostrum aliquid quaerat magni deleniti repudiandae repellendus.'),
(61, 5, '5. Ullam sit ipsum minima ex sunt consectetur veritatis fugiat iure laborum libero minima.'),
(61, 6, '6. Doloremque ipsum quasi nemo impedit sunt exercitationem inventore magnam.'),
(62, 1, '1. Ad officia earum quasi explicabo natus atque dolore facere nisi minima.'),
(62, 2, '2. Esse fugit eius consectetur reprehenderit nostrum harum autem ipsum ut.'),
(62, 3, '3. Aspernatur mollitia amet quod aperiam a animi dolore enim perferendis cumque.'),
(62, 4, '4. Voluptates aperiam quasi expedita libero repellat qui temporibus eius.'),
(63, 1, '1. Ab fuga maxime sit praesentium possimus harum.'),
(63, 2, '2. Tempora nam error aliquid ad hic enim qui vitae sit.'),
(63, 3, '3. Repudiandae reprehenderit mollitia nostrum veritatis provident rem minus velit explicabo nesciunt tenetur distinctio.'),
(64, 1, '1. Assumenda voluptates animi soluta necessitatibus dolores tenetur officiis occaecati accusantium quam itaque.'),
(64, 2, '2. Exercitationem quo non quam quis laboriosam eum assumenda.'),
(64, 3, '3. Doloremque ea debitis cumque pariatur atque deserunt totam ipsum hic aperiam pariatur dolorum debitis.'),
(64, 4, '4. Deserunt suscipit aut repellat quam possimus.'),
(64, 5, '5. Repudiandae nobis ipsum reiciendis nam dolores accusamus dolorum voluptatem.'),
(65, 1, '1. Dolor autem tenetur fugit adipisci rem atque repudiandae magnam atque eaque unde ut.'),
(65, 2, '2. Hic beatae suscipit repudiandae earum id culpa nostrum aperiam dolorum odit.'),
(65, 3, '3. Exercitationem voluptatem doloremque at tenetur consequuntur consectetur tempora reprehenderit repellendus.'),
(65, 4, '4. Fugiat numquam impedit suscipit libero et illum adipisci atque earum minima porro.'),
(65, 5, '5. Ab nisi repudiandae impedit tempora numquam dignissimos hic natus rerum ad quaerat.'),
(66, 1, '1. Doloremque ad eveniet enim itaque distinctio voluptas veritatis autem pariatur amet.'),
(66, 2, '2. Fugit ullam repellendus delectus reiciendis quos aliquam dolore quam amet numquam a maiores.'),
(66, 3, '3. Explicabo repellendus temporibus ipsa quia placeat rerum quas architecto excepturi.'),
(66, 4, '4. Neque quibusdam distinctio ratione eligendi eos distinctio culpa consequatur consequatur est perspiciatis.'),
(67, 1, '1. Quae aliquid quibusdam suscipit repellat laboriosam molestiae ad occaecati cum aut dolorem.'),
(67, 2, '2. Quisquam quia dolore ad culpa nam ullam nostrum doloremque.'),
(67, 3, '3. Similique labore deserunt beatae voluptates ipsum veniam beatae.'),
(67, 4, '4. Ullam asperiores saepe sunt totam praesentium eius iure.'),
(67, 5, '5. Aperiam itaque blanditiis distinctio consequatur veniam.'),
(67, 6, '6. Saepe nulla pariatur labore officia nam dolorem eligendi fugiat perferendis.'),
(68, 1, '1. Quo nostrum laboriosam minima est quasi adipisci neque excepturi inventore.'),
(68, 2, '2. Voluptatem odit voluptatum facilis sint inventore dolorum.'),
(68, 3, '3. Atque possimus fuga cumque eligendi modi.'),
(68, 4, '4. Placeat dignissimos reiciendis ad laborum enim eos corrupti esse molestias.'),
(68, 5, '5. Itaque nam voluptate repellat aspernatur earum possimus incidunt dolorem hic quod necessitatibus sapiente.'),
(69, 1, '1. Error exercitationem fugiat dignissimos sint ut unde natus dolores.'),
(69, 2, '2. Quia quaerat sunt odio ex dolorum fugiat.'),
(69, 3, '3. Id enim aliquam officia sit odio placeat.'),
(69, 4, '4. Molestias atque aliquid minima consectetur provident eos deserunt quaerat.'),
(70, 1, '1. Tempora vel consequatur error ipsam asperiores nisi dignissimos quis deleniti soluta placeat.'),
(70, 2, '2. Ducimus maxime eveniet eum delectus accusantium.'),
(70, 3, '3. Ullam explicabo doloribus odit ut similique debitis nam commodi molestiae.'),
(70, 4, '4. Dolorum ut cumque dolorum aliquid incidunt cum harum voluptas esse ipsa recusandae.'),
(70, 5, '5. Non eos laborum consectetur alias facilis nobis odio ipsa aspernatur aperiam laudantium accusamus.'),
(70, 6, '6. Accusamus magnam quo maxime blanditiis fuga quas quaerat.'),
(71, 1, '1. Quis ab impedit eius doloribus incidunt.'),
(71, 2, '2. Id praesentium pariatur dolore provident debitis perspiciatis eaque.'),
(71, 3, '3. Enim corrupti aspernatur debitis nemo doloribus voluptate adipisci dicta voluptate aliquid.'),
(71, 4, '4. Veniam nostrum officia delectus dicta autem consequatur quidem.'),
(71, 5, '5. Eligendi iusto adipisci aliquid labore dolore inventore nulla vitae libero voluptate.'),
(71, 6, '6. Incidunt hic iusto officiis temporibus deserunt dolore.'),
(72, 1, '1. Commodi nisi ipsum natus incidunt facere atque distinctio assumenda tempora.'),
(72, 2, '2. Veritatis unde vel dicta ducimus consectetur dolor rem porro.'),
(72, 3, '3. Fuga doloribus nesciunt ipsam optio eveniet.'),
(72, 4, '4. Qui nihil alias iusto alias sed commodi.'),
(72, 5, '5. Autem amet labore sed facilis laudantium a.'),
(72, 6, '6. Est quia ipsam repellendus neque doloribus non maxime suscipit ratione maxime iure.'),
(73, 1, '1. Quos mollitia fugit omnis perferendis vel ipsum ducimus cupiditate cupiditate.'),
(73, 2, '2. Quo quaerat velit laborum facilis ducimus quisquam reprehenderit fugiat in error debitis delectus.'),
(73, 3, '3. Tempore sapiente iure id blanditiis tenetur repellendus nulla.'),
(73, 4, '4. Debitis labore omnis asperiores minus ducimus rerum incidunt occaecati beatae unde quaerat dicta.'),
(73, 5, '5. Nisi veritatis autem ex recusandae nobis ab omnis est optio cupiditate suscipit perspiciatis.'),
(74, 1, '1. In atque temporibus distinctio suscipit possimus cupiditate totam.'),
(74, 2, '2. Laboriosam delectus placeat nobis aperiam quidem consectetur vero quasi.'),
(74, 3, '3. Corrupti totam et doloribus vel fuga reprehenderit nisi corrupti.'),
(74, 4, '4. Aut numquam officia dolores ullam voluptatum consequatur suscipit blanditiis vero id.'),
(74, 5, '5. Quo tempore dolor placeat numquam blanditiis eveniet accusamus deleniti consequuntur cupiditate odit.'),
(75, 1, '1. Quos dolor cum dolore aliquid debitis at reiciendis.'),
(75, 2, '2. Cum fuga magni officia odio totam harum.'),
(75, 3, '3. Minima aperiam ex dolorum repellendus eaque beatae ad voluptas assumenda.'),
(75, 4, '4. Quis explicabo eius beatae quasi illo natus eveniet.'),
(75, 5, '5. Nulla nisi ipsa voluptatum nobis vitae blanditiis nemo minima inventore ab.'),
(76, 1, '1. Officia dolor suscipit repudiandae reiciendis animi incidunt cupiditate natus.'),
(76, 2, '2. Officia explicabo odit sint pariatur sit ad veritatis.'),
(76, 3, '3. Iusto facilis mollitia reiciendis consectetur hic eum perferendis accusantium.'),
(77, 1, '1. Ipsa quae et maxime laudantium consectetur.'),
(77, 2, '2. Quae nulla doloribus incidunt repudiandae nam quae velit.'),
(77, 3, '3. Veniam ducimus accusantium nobis explicabo excepturi eligendi occaecati sunt nostrum eveniet blanditiis minima.'),
(77, 4, '4. Sequi veritatis esse id accusantium hic vitae ducimus.'),
(77, 5, '5. Nihil quibusdam non facere neque ipsum animi dolor repellat sequi.'),
(77, 6, '6. Tempora porro asperiores fugit quia non blanditiis.'),
(78, 1, '1. Facilis aperiam laborum ducimus error dolores praesentium ducimus explicabo quaerat id delectus.'),
(78, 2, '2. Incidunt iusto ea cum nam saepe quibusdam nulla odio.'),
(78, 3, '3. Magni quis aspernatur nihil voluptates voluptas neque doloremque tenetur explicabo optio aliquid consequuntur.'),
(78, 4, '4. Voluptatum necessitatibus harum ad itaque voluptatibus quae iure eveniet aspernatur.'),
(79, 1, '1. Assumenda neque distinctio voluptatem magni quae distinctio maxime veritatis doloremque odio.'),
(79, 2, '2. Quam culpa nemo illum corrupti vel minima.'),
(79, 3, '3. Provident sit eligendi vel vel amet.'),
(79, 4, '4. Suscipit saepe sit unde rerum molestiae porro.'),
(80, 1, '1. Totam repudiandae sint quo cum quisquam exercitationem.'),
(80, 2, '2. Molestiae maxime nisi facere animi nobis numquam velit dicta.'),
(80, 3, '3. Placeat beatae natus perspiciatis explicabo illum excepturi quasi iusto voluptatibus.'),
(80, 4, '4. Nostrum quisquam dignissimos magnam eum perspiciatis exercitationem dolor hic dicta repudiandae dolore cumque.'),
(80, 5, '5. Corrupti officiis dicta quod sunt et iusto distinctio corporis doloribus similique.'),
(81, 1, '1. Omnis iste nam omnis deleniti tempora officiis veritatis quos cum quis aliquam.'),
(81, 2, '2. Eveniet fugit magnam dolores quos ab autem placeat dolor placeat reiciendis blanditiis.'),
(81, 3, '3. Earum error nisi itaque blanditiis fuga rerum iusto.'),
(81, 4, '4. Temporibus illum perferendis officia minima dicta accusamus tempore tenetur.'),
(81, 5, '5. Quaerat repellat aliquid eveniet placeat asperiores odio.'),
(82, 1, '1. Quas blanditiis fuga quis magni eveniet.'),
(82, 2, '2. Modi voluptas provident exercitationem error ipsum illum.'),
(82, 3, '3. Fugit occaecati beatae ipsa minus ipsam vero.'),
(82, 4, '4. Non a exercitationem quis deserunt esse amet quia totam.'),
(83, 1, '1. Libero soluta expedita vero rerum aliquid delectus voluptas ducimus maxime.'),
(83, 2, '2. Officia tempore voluptatibus soluta labore sed accusamus reprehenderit numquam ducimus repudiandae.'),
(83, 3, '3. Unde assumenda ullam blanditiis inventore eius dolorum tenetur amet quasi.'),
(83, 4, '4. Similique consequatur quae quo sit nostrum impedit nobis voluptates facilis.'),
(83, 5, '5. Perspiciatis in repellat assumenda rem est nemo.'),
(84, 1, '1. Saepe iste illum repudiandae natus suscipit excepturi at earum.'),
(84, 2, '2. Magnam dolore deserunt fugit fugit consectetur doloremque facilis minus impedit enim porro ex.'),
(84, 3, '3. Quibusdam atque nihil perspiciatis nemo alias aspernatur perspiciatis nulla dolorem corporis.'),
(84, 4, '4. Corrupti tenetur voluptatibus laborum esse at deserunt nisi praesentium nihil quos temporibus.'),
(85, 1, '1. Assumenda magnam impedit nisi neque eaque nisi at recusandae molestiae quis eaque minima.'),
(85, 2, '2. At tempora debitis laudantium quos sunt.'),
(85, 3, '3. Explicabo commodi tempora molestias quo delectus saepe ut itaque.'),
(85, 4, '4. Ab et quo sed magni maiores reiciendis qui rerum rem voluptates accusantium.'),
(85, 5, '5. Maxime beatae sapiente impedit laudantium voluptate sequi magnam impedit nisi distinctio exercitationem esse.'),
(85, 6, '6. Dolor velit commodi labore dolores velit.'),
(86, 1, '1. Id beatae optio explicabo deleniti libero quibusdam ratione.'),
(86, 2, '2. Illum veniam natus ipsa corrupti necessitatibus dolor optio alias sed.'),
(86, 3, '3. Non quos doloremque occaecati voluptates quasi velit iure nesciunt mollitia aperiam tempore.'),
(86, 4, '4. Doloremque iure atque nisi quae natus error possimus quas soluta nulla.'),
(86, 5, '5. Ipsam rerum inventore aliquam perspiciatis esse doloribus ab distinctio nemo vero.'),
(86, 6, '6. Nisi id facere quo esse consectetur doloribus facere id corporis quae.'),
(87, 1, '1. Aut eius quibusdam libero earum voluptatum distinctio officiis veniam aut in numquam.'),
(87, 2, '2. Illo praesentium nulla aut voluptatibus eos perferendis debitis quam impedit eos nam voluptas.'),
(87, 3, '3. Vitae eligendi voluptates facere deserunt quibusdam iusto laborum esse exercitationem explicabo amet.'),
(88, 1, '1. Similique molestiae voluptatum ea cupiditate fuga enim temporibus.'),
(88, 2, '2. Est quae mollitia pariatur quo error minima ex expedita excepturi eveniet asperiores dolore.'),
(88, 3, '3. Odit unde doloremque aspernatur sapiente enim animi libero odit dolore at.'),
(89, 1, '1. Sunt blanditiis illum dolore id tempore omnis accusantium quo nemo minus exercitationem error.'),
(89, 2, '2. Harum numquam dolores corrupti rem dignissimos.'),
(89, 3, '3. Quasi impedit sit quae quis dolores libero dolor tempore quisquam.'),
(90, 1, '1. Ut qui eligendi provident id libero corrupti delectus cum amet nulla.'),
(90, 2, '2. Impedit inventore sunt eligendi maxime iste fugit voluptatum labore iure.'),
(90, 3, '3. Tenetur dolorum unde adipisci excepturi consectetur voluptas at.'),
(91, 1, '1. Quas itaque blanditiis asperiores a eligendi reiciendis tempore architecto.'),
(91, 2, '2. Placeat et assumenda dolores id voluptate repudiandae tempore architecto voluptas optio eius.'),
(91, 3, '3. Quod consequatur officiis saepe dolorum earum quam facilis enim sapiente.'),
(91, 4, '4. Nemo molestiae provident totam iusto provident.'),
(92, 1, '1. Modi laborum illo dolorem non doloremque est explicabo aperiam ut sapiente recusandae reiciendis.'),
(92, 2, '2. Pariatur molestias atque sed quia distinctio odio.'),
(92, 3, '3. Assumenda iusto quidem sit odit incidunt culpa.'),
(92, 4, '4. Libero mollitia iusto molestiae dolorem sed vitae optio velit.'),
(92, 5, '5. Molestias porro sapiente quam aliquid quaerat fugiat facilis aut corrupti porro.'),
(93, 1, '1. Odio facilis provident earum officia officia at consequuntur quo itaque facere quidem voluptates.'),
(93, 2, '2. Tempore maiores eius veniam nesciunt rerum.'),
(93, 3, '3. Sapiente animi mollitia sint soluta earum vero accusantium iste animi voluptatibus modi dolorum.'),
(93, 4, '4. Non consequuntur in culpa quasi aspernatur vel nihil quibusdam nam.'),
(94, 1, '1. Ex quam explicabo quam pariatur quae at.'),
(94, 2, '2. Aut est placeat alias ratione magnam doloribus quibusdam consectetur nostrum neque pariatur corrupti.'),
(94, 3, '3. Mollitia sit magni aspernatur consectetur aspernatur natus labore vero modi assumenda molestiae.'),
(95, 1, '1. Voluptatum reiciendis nobis quisquam quas iusto.'),
(95, 2, '2. Reprehenderit assumenda esse officiis itaque incidunt deleniti hic voluptates.'),
(95, 3, '3. Assumenda velit quae ea asperiores voluptas dolore facere temporibus.'),
(95, 4, '4. Illum fuga culpa dolorum voluptatibus esse nihil architecto repellat.'),
(95, 5, '5. Maxime voluptas incidunt eos distinctio placeat maiores nobis ullam similique.'),
(95, 6, '6. Voluptas consequuntur accusamus ipsa perspiciatis veritatis officiis autem.'),
(96, 1, '1. A error aliquid iusto voluptatum optio quidem adipisci tempore rem nostrum.'),
(96, 2, '2. Iste similique ab corrupti cum ab ducimus laudantium labore aut magnam sequi id labore.'),
(96, 3, '3. A quam quidem incidunt aut quia repellendus consequuntur tempore quas beatae.'),
(96, 4, '4. Earum a officia pariatur eum iure voluptatem necessitatibus expedita praesentium ullam.'),
(96, 5, '5. Molestias rem qui asperiores totam veniam corporis corporis fugiat dolores repellendus reprehenderit voluptatibus.'),
(97, 1, '1. Facilis libero sed deserunt non rerum recusandae.'),
(97, 2, '2. Animi optio placeat magnam doloremque atque aliquam.'),
(97, 3, '3. Ab in fuga cupiditate aliquid blanditiis id labore.'),
(97, 4, '4. Veritatis officiis numquam ad doloribus quas reprehenderit.'),
(97, 5, '5. Iusto et id dolor numquam ea ipsa fugit.'),
(97, 6, '6. Nemo ipsum cupiditate magnam illo temporibus omnis laborum molestias.'),
(98, 1, '1. Aperiam quas commodi dolorem commodi ex id ex.'),
(98, 2, '2. Officia cupiditate iste laborum quidem neque natus velit pariatur laudantium id totam adipisci.'),
(98, 3, '3. Ducimus nisi repudiandae voluptas quos illum non inventore nesciunt itaque ipsum.'),
(99, 1, '1. Magni aperiam quas modi fuga ut iste praesentium magnam.'),
(99, 2, '2. Cumque maiores sunt saepe amet quisquam perspiciatis laboriosam illo sit sed officiis numquam.'),
(99, 3, '3. Velit natus soluta autem voluptatem exercitationem quidem ex dolores facere tempore neque quam corrupti.'),
(99, 4, '4. Vitae accusamus ut sequi rerum esse consequuntur vel minima.'),
(100, 1, '1. Possimus numquam cupiditate iste aperiam sint quis sint sequi.'),
(100, 2, '2. Aliquam magnam sed numquam quis mollitia.'),
(100, 3, '3. Ea in repellat odit illo libero perferendis harum consequatur odio sapiente.'),
(100, 4, '4. Enim autem consequuntur quibusdam odit mollitia soluta.'),
(101, 1, '1. Excepturi in occaecati quod ut consectetur sit delectus autem aliquam.'),
(101, 2, '2. Itaque esse ipsum deleniti id aspernatur voluptate aspernatur.'),
(101, 3, '3. Maiores natus consectetur quod libero ipsum ducimus dolores molestiae atque ipsum labore molestiae.'),
(101, 4, '4. Perferendis eveniet culpa quos fugiat vero magni.'),
(101, 5, '5. Excepturi debitis incidunt commodi illum libero.'),
(102, 1, '1. Maxime consequatur dolore magni nemo accusantium rem numquam tempore quibusdam eligendi vero.'),
(102, 2, '2. Illum qui error eos voluptates cupiditate architecto suscipit.'),
(102, 3, '3. Enim repudiandae impedit debitis tenetur saepe fugiat.'),
(103, 1, '1. Distinctio reiciendis quibusdam accusantium dolores quibusdam eligendi quo saepe officiis.'),
(103, 2, '2. Numquam doloremque veritatis nobis officia quos earum fugiat dolores dolore dolores doloremque.'),
(103, 3, '3. Impedit placeat eos repellendus consectetur tempora.'),
(104, 1, '1. Nemo consequatur rem eum doloribus aut explicabo eligendi ratione doloribus reprehenderit impedit.'),
(104, 2, '2. Quas facere aliquam tenetur mollitia labore.'),
(104, 3, '3. Nesciunt aspernatur placeat debitis quos exercitationem accusamus.'),
(104, 4, '4. Consectetur aliquam natus distinctio deserunt odio aperiam neque.'),
(104, 5, '5. Veritatis neque quasi blanditiis excepturi reiciendis alias possimus.'),
(104, 6, '6. A officia illo minus repellendus natus.'),
(105, 1, '1. Nihil aspernatur quas hic hic minima natus est eveniet sit temporibus hic.'),
(105, 2, '2. Sint voluptatum aliquam ipsum reiciendis aut rerum impedit assumenda.'),
(105, 3, '3. Culpa repellendus laudantium impedit ratione repellat quas.'),
(105, 4, '4. Distinctio necessitatibus totam ut asperiores expedita repudiandae accusamus veniam corporis architecto voluptatum.'),
(106, 1, '1. Id ratione est modi accusantium molestiae quidem neque blanditiis aspernatur neque aliquam.'),
(106, 2, '2. Quos laborum neque voluptatum blanditiis omnis harum architecto assumenda suscipit adipisci provident.'),
(106, 3, '3. Et ipsum autem aut doloribus dolore.'),
(107, 1, '1. Iusto eaque ipsam recusandae pariatur id earum distinctio optio voluptate.'),
(107, 2, '2. Ullam odit reiciendis commodi distinctio voluptates et voluptate doloremque laudantium.'),
(107, 3, '3. Provident nihil voluptatem libero soluta quibusdam voluptates fugiat debitis beatae.'),
(107, 4, '4. Saepe doloremque molestias perferendis quisquam maxime nesciunt esse assumenda.'),
(107, 5, '5. Repudiandae reprehenderit inventore porro cum error eligendi voluptatibus corrupti asperiores qui.'),
(107, 6, '6. Cupiditate minus beatae at nemo eligendi temporibus amet commodi.'),
(108, 1, '1. Mollitia ipsam quidem ipsum blanditiis non consequatur eaque dolorum non voluptatibus vitae.'),
(108, 2, '2. Tenetur fugit doloribus minima reiciendis similique ad accusamus modi libero.'),
(108, 3, '3. Sapiente autem ratione aspernatur sequi eaque porro molestiae sed inventore quam.'),
(108, 4, '4. Animi commodi ipsam voluptatem adipisci tempore quidem.'),
(109, 1, '1. Ad tenetur veritatis quos hic fuga ex.'),
(109, 2, '2. Ratione voluptatum voluptatem laboriosam necessitatibus laudantium quae quidem.'),
(109, 3, '3. Commodi cum quibusdam deleniti est beatae animi eaque.'),
(109, 4, '4. Itaque labore possimus eaque ex nostrum.'),
(109, 5, '5. Harum voluptatibus ipsum voluptate enim deleniti voluptas officia voluptatibus ipsum repudiandae deserunt modi.'),
(110, 1, '1. Corrupti facere cupiditate dolorum error veniam ratione.'),
(110, 2, '2. Ipsam hic consequatur ab tempore enim aut.'),
(110, 3, '3. Dolorem est quam saepe sequi occaecati quia alias at debitis doloribus.'),
(110, 4, '4. Fugiat nisi amet nostrum odit veritatis ullam est nisi consequuntur.'),
(110, 5, '5. Perferendis aliquid omnis cum reprehenderit voluptate.'),
(111, 1, '1. Magni quaerat libero amet eius sapiente.'),
(111, 2, '2. Nam nemo impedit quis quos corporis aspernatur ex odio sint omnis molestiae.'),
(111, 3, '3. Adipisci nesciunt esse doloremque dolorem corrupti minima est vero perferendis odio.'),
(111, 4, '4. Aliquid nemo aperiam minima labore saepe recusandae facilis aliquam laboriosam eum temporibus beatae.'),
(111, 5, '5. Doloribus aut perferendis aliquid vero quae sint fuga illum sapiente beatae dolorem.'),
(112, 1, '1. Incidunt quae debitis iste dolor mollitia aliquam reprehenderit maiores.'),
(112, 2, '2. Explicabo dolores molestias facere quis quam eligendi ut animi reiciendis mollitia doloribus consequatur.'),
(112, 3, '3. Possimus doloribus eligendi quidem at quasi voluptates necessitatibus impedit quis repudiandae.'),
(113, 1, '1. Quaerat ut delectus itaque facere asperiores.'),
(113, 2, '2. Exercitationem tempore cum facilis quaerat minus temporibus quaerat dolor amet sed enim tempora.'),
(113, 3, '3. Vitae modi in veniam libero odit accusantium iure ducimus sapiente.'),
(114, 1, '1. Eveniet ut reiciendis ullam impedit fugit.'),
(114, 2, '2. Assumenda sed dolores est facere necessitatibus quod maiores ad optio quaerat excepturi voluptatem animi.'),
(114, 3, '3. Nisi accusantium vel aut hic quis veritatis soluta doloremque deleniti.'),
(114, 4, '4. Occaecati vero possimus omnis maiores blanditiis ipsa officia sint.'),
(114, 5, '5. Ullam ex adipisci dolores vel nisi provident cumque illo.'),
(115, 1, '1. Ipsa quidem repellat labore natus eos quam.'),
(115, 2, '2. Rerum rerum commodi veniam id excepturi rerum et placeat officiis animi nulla.'),
(115, 3, '3. Quaerat odit commodi vero possimus porro natus autem expedita ratione animi cumque.'),
(116, 1, '1. Exercitationem itaque sunt fuga soluta dignissimos debitis commodi.'),
(116, 2, '2. Deserunt in porro iste repellat quam doloremque sed officia placeat.'),
(116, 3, '3. Occaecati maxime totam officiis impedit accusantium ratione.'),
(116, 4, '4. Dolorem unde earum voluptatibus ab libero.'),
(116, 5, '5. Sit dolores minus exercitationem eligendi deserunt sunt quidem commodi eligendi.'),
(116, 6, '6. Aspernatur dolor ullam itaque odio molestiae nulla nostrum aspernatur mollitia molestiae omnis reprehenderit.'),
(117, 1, '1. Sequi ipsa recusandae minus sunt officia saepe nihil rem.'),
(117, 2, '2. Nulla laborum provident animi fugit molestias at.'),
(117, 3, '3. At tempore voluptate in odio ad voluptas.'),
(117, 4, '4. Cupiditate dicta sequi velit nobis facilis voluptas debitis optio.'),
(117, 5, '5. Magni harum eos distinctio aliquam iste laboriosam.'),
(118, 1, '1. Dolorum dolores ut assumenda veniam voluptatibus optio velit necessitatibus expedita tenetur.'),
(118, 2, '2. Minima molestias perferendis magnam at earum quod.'),
(118, 3, '3. In quaerat similique quasi saepe quo.'),
(118, 4, '4. Eius quisquam unde dolore odio aliquid.'),
(118, 5, '5. Facilis tenetur velit deleniti at et sapiente veritatis est.'),
(118, 6, '6. Quis nostrum doloribus itaque tenetur minus laudantium laudantium temporibus rerum quis.'),
(119, 1, '1. Esse explicabo saepe consequuntur repellendus voluptates at laboriosam nemo.'),
(119, 2, '2. Voluptatem animi molestias cumque iure ducimus tempora quam necessitatibus alias.'),
(119, 3, '3. Dolore hic perspiciatis mollitia eum commodi.'),
(120, 1, '1. Autem quibusdam nulla cupiditate repudiandae eos iure a eaque.'),
(120, 2, '2. Dolor aliquam facere quaerat nostrum perspiciatis.'),
(120, 3, '3. Quae nesciunt architecto quis asperiores libero animi quo voluptates similique.'),
(120, 4, '4. Consequuntur sed sunt et quos esse illum fuga amet quod exercitationem.'),
(121, 1, '1. Incidunt commodi molestias a consequuntur sunt odio ad suscipit.'),
(121, 2, '2. Sed laboriosam perferendis unde provident molestiae aperiam facilis inventore hic.'),
(121, 3, '3. Reiciendis quod mollitia deserunt asperiores nostrum pariatur id amet.'),
(122, 1, '1. Adipisci fugiat hic deleniti unde explicabo eaque voluptatibus qui at aspernatur.'),
(122, 2, '2. Dolorem quidem odio officia ex quae deserunt architecto.'),
(122, 3, '3. Doloremque placeat sapiente nihil dolores harum odio.'),
(123, 1, '1. Minima aliquid sunt odit aut excepturi asperiores id corporis optio ipsam doloribus.'),
(123, 2, '2. Rem cupiditate exercitationem ratione placeat facilis architecto sapiente recusandae eius.'),
(123, 3, '3. Quod qui alias dolorem commodi dolores illo vero.'),
(123, 4, '4. Aliquam laudantium delectus animi sequi libero ad minima eveniet labore deserunt suscipit.'),
(124, 1, '1. Eos suscipit perspiciatis voluptatem beatae maxime dolorem eius quasi.'),
(124, 2, '2. Architecto tempora earum tempora nobis commodi nihil modi iste magni porro.'),
(124, 3, '3. Assumenda earum magnam reprehenderit temporibus occaecati eaque iusto aliquam nisi nobis quidem.'),
(124, 4, '4. Beatae unde odit voluptates fugiat iure eius temporibus at vitae quisquam ea.'),
(125, 1, '1. Deleniti cum omnis eius ipsam ipsum tempore.'),
(125, 2, '2. Dicta distinctio pariatur temporibus ab laborum aliquid.'),
(125, 3, '3. Tempore fugiat tenetur aperiam voluptates ipsum qui beatae nulla eos corrupti harum.'),
(126, 1, '1. Recusandae nam ipsa excepturi error modi vitae eligendi minima vero optio.'),
(126, 2, '2. Mollitia sint officia nesciunt excepturi temporibus rem similique numquam ratione harum.'),
(126, 3, '3. Provident temporibus accusamus numquam officia officia.'),
(126, 4, '4. Enim maiores esse exercitationem odit impedit omnis aliquam aut iure excepturi.'),
(126, 5, '5. Architecto placeat laboriosam nisi autem quaerat ducimus nihil illo mollitia eius.'),
(127, 1, '1. Veritatis blanditiis tenetur sint doloribus nulla iure adipisci similique incidunt deserunt laboriosam nesciunt.'),
(127, 2, '2. Laborum illo necessitatibus unde recusandae deleniti accusantium neque deserunt amet assumenda eos.'),
(127, 3, '3. Voluptas cupiditate quisquam accusamus placeat itaque assumenda adipisci praesentium.'),
(127, 4, '4. Nesciunt porro culpa quas fugit rem accusantium perferendis optio sed labore saepe dicta.'),
(127, 5, '5. Hic fugiat repellendus amet qui non dicta asperiores repudiandae veritatis excepturi sed quos.'),
(128, 1, '1. Dolorem laudantium tempore quae aliquam corporis quaerat sint.'),
(128, 2, '2. A nemo sunt aperiam totam occaecati provident quasi recusandae unde.'),
(128, 3, '3. Consequatur quae quisquam optio rem hic asperiores quos excepturi.'),
(129, 1, '1. Laborum laborum possimus labore tempore reprehenderit commodi accusamus dolor placeat expedita non.'),
(129, 2, '2. Fuga repellendus explicabo reiciendis expedita facere minima consequatur sint.'),
(129, 3, '3. Occaecati eaque assumenda iusto nemo consequuntur illo doloremque dolore odio delectus.'),
(129, 4, '4. Alias consequuntur inventore cumque vero accusamus aspernatur in veritatis eligendi assumenda voluptatem repellat.'),
(129, 5, '5. Porro vitae corporis consequuntur voluptatibus ullam minima repellat optio voluptate maiores vero porro.'),
(130, 1, '1. Ducimus et soluta deserunt veritatis expedita praesentium dolore consequuntur quam veniam optio adipisci.'),
(130, 2, '2. At fuga quam delectus sed hic quasi quos officia explicabo.'),
(130, 3, '3. Fuga architecto error quam vel illum a incidunt placeat.'),
(130, 4, '4. Fuga aliquam incidunt animi voluptate eaque quod laborum explicabo.'),
(130, 5, '5. Ab tempora explicabo deserunt harum quasi veniam voluptates eveniet a hic.'),
(131, 1, '1. Laborum et blanditiis animi veniam incidunt culpa neque temporibus.'),
(131, 2, '2. Adipisci harum quibusdam laudantium asperiores quaerat dolorum enim incidunt.'),
(131, 3, '3. Ipsam accusantium illo quos autem ullam reprehenderit sequi pariatur modi asperiores aspernatur similique.'),
(131, 4, '4. Labore sit dolore nemo iure ipsa laborum praesentium quod ea incidunt exercitationem.'),
(131, 5, '5. Minus rerum harum vel consectetur earum repellendus quae non culpa sunt temporibus nisi voluptas.'),
(132, 1, '1. Ipsam excepturi ullam fugit voluptatem pariatur impedit.'),
(132, 2, '2. Rem iure labore rerum perspiciatis animi hic.'),
(132, 3, '3. Adipisci nihil temporibus atque ratione atque in non.'),
(132, 4, '4. Vel assumenda similique at mollitia provident illum aspernatur.'),
(133, 1, '1. Iusto consectetur quis reiciendis impedit quae velit quo suscipit ipsa.'),
(133, 2, '2. Nihil error vitae possimus aspernatur aperiam magni impedit autem deserunt eum.'),
(133, 3, '3. Libero cum vel saepe neque ipsum quia voluptate.'),
(133, 4, '4. Expedita laudantium ad itaque magnam aliquam id molestias laboriosam at.'),
(133, 5, '5. Beatae accusantium numquam fugit explicabo soluta sint reprehenderit vitae voluptate odit sint laboriosam.'),
(133, 6, '6. Dicta ducimus sint ipsam soluta accusantium provident provident possimus.'),
(134, 1, '1. Rerum maxime sapiente consequuntur quia atque sint possimus dolores assumenda culpa.'),
(134, 2, '2. Voluptates totam ullam error quidem dolore fugiat iure cum laboriosam illum voluptatem.'),
(134, 3, '3. Quia non nobis similique cupiditate quaerat voluptatibus quis nesciunt.'),
(134, 4, '4. Ratione quo enim dolorem quod magni odit illum impedit quasi explicabo natus dignissimos.'),
(134, 5, '5. Ipsa sint aut corporis veritatis nihil.'),
(135, 1, '1. Cupiditate voluptatem officia harum tempora beatae dolorem.'),
(135, 2, '2. Ullam sint quas molestias laboriosam incidunt explicabo.'),
(135, 3, '3. Debitis ipsum sequi cumque omnis laborum maiores repellat repudiandae quos.'),
(135, 4, '4. Maiores non modi aperiam sequi harum animi sit.'),
(135, 5, '5. Dolor maiores sapiente vel ad voluptate reprehenderit cumque nesciunt illum voluptates saepe mollitia.'),
(136, 1, '1. Alias sapiente laudantium aperiam quis ratione.'),
(136, 2, '2. Nesciunt iste commodi ullam doloremque quasi.'),
(136, 3, '3. Ducimus et deleniti dolorum repudiandae deserunt.'),
(136, 4, '4. Molestias ea quo voluptatem dolore quisquam repellat voluptas natus necessitatibus.'),
(137, 1, '1. Facere ex iusto quo placeat quaerat suscipit a eveniet.'),
(137, 2, '2. Repellendus necessitatibus doloremque accusantium nemo voluptas libero perspiciatis expedita harum sed laboriosam.'),
(137, 3, '3. Quidem enim sapiente facere reiciendis tenetur.'),
(137, 4, '4. Ut deleniti consequatur cumque nisi occaecati.'),
(137, 5, '5. Quaerat voluptatibus eius aperiam laboriosam vero quis qui libero unde ullam deleniti quos.'),
(137, 6, '6. Placeat repellat vel architecto repellat dignissimos sint nisi culpa id ad perferendis qui.'),
(138, 1, '1. Modi eveniet autem mollitia quod ex minus hic enim voluptas pariatur molestias.'),
(138, 2, '2. Consequuntur maiores earum totam iure possimus voluptatem debitis quam tenetur aliquam nisi est.'),
(138, 3, '3. Aspernatur debitis ipsum odit similique corrupti soluta tempora vitae modi beatae laboriosam.'),
(138, 4, '4. Rem corporis doloremque eveniet recusandae animi quod debitis magni veniam ipsam velit dolor.'),
(138, 5, '5. Aperiam iure sint facilis quia vero at ratione odio recusandae.'),
(138, 6, '6. Enim quo nulla velit consequatur delectus facere.'),
(139, 1, '1. Laudantium dicta impedit ex necessitatibus eligendi vel consectetur maxime delectus.'),
(139, 2, '2. Odit totam consequatur deserunt eos vel dolores velit possimus assumenda temporibus.'),
(139, 3, '3. Minima rem ut minus qui ipsum quae pariatur suscipit dolor voluptatibus.'),
(140, 1, '1. Quasi fugiat culpa perferendis repellat laudantium rerum cupiditate debitis itaque reprehenderit.'),
(140, 2, '2. Earum ab quis eum amet accusantium corrupti tempore iusto soluta a sequi aliquam.'),
(140, 3, '3. Iste beatae dolorum sit ex quas quibusdam natus alias velit.'),
(140, 4, '4. Tempore asperiores voluptatibus quibusdam recusandae quaerat nihil laboriosam.'),
(141, 1, '1. Nesciunt blanditiis quos occaecati ipsa facilis suscipit.'),
(141, 2, '2. Est amet cum dignissimos ipsam voluptate.'),
(141, 3, '3. Unde repudiandae reiciendis libero autem consectetur ad provident.'),
(142, 1, '1. Rerum facere officiis aspernatur blanditiis dolorem corporis nobis tempore ad debitis mollitia quasi.'),
(142, 2, '2. Vitae earum nemo sunt excepturi a blanditiis adipisci.'),
(142, 3, '3. Vitae fugit eaque velit recusandae temporibus commodi molestias illo sunt similique minima nihil.'),
(142, 4, '4. Consequatur dicta ipsa dignissimos optio voluptatem ipsum minus laborum sapiente deserunt nemo nostrum.'),
(142, 5, '5. Ab accusantium adipisci magnam commodi totam sequi dolore quasi repellat dolores.'),
(143, 1, '1. Excepturi in nisi aliquid eaque odit.'),
(143, 2, '2. Unde perspiciatis fuga quod esse expedita ex illo amet numquam odit nemo.'),
(143, 3, '3. Quisquam rem iusto alias praesentium id.'),
(143, 4, '4. Vel illo corporis molestiae modi eum.'),
(143, 5, '5. Animi sequi dolor quam earum magni eos optio neque officiis dolor fuga.'),
(144, 1, '1. Consectetur quae et occaecati recusandae atque quis totam porro.'),
(144, 2, '2. Occaecati tempora vero deserunt voluptates alias.'),
(144, 3, '3. Aperiam explicabo corrupti voluptates adipisci reiciendis labore magnam eius quisquam deserunt repellendus.'),
(145, 1, '1. Optio quos sapiente consectetur laborum ea.'),
(145, 2, '2. Quaerat ex ipsum quae suscipit dignissimos quia dolores exercitationem architecto cupiditate.'),
(145, 3, '3. Commodi minima nesciunt quam asperiores quae harum.'),
(146, 1, '1. Ratione repudiandae sint optio nihil at quidem minima minus occaecati aut porro veniam.'),
(146, 2, '2. Suscipit excepturi illo sunt neque occaecati.'),
(146, 3, '3. Molestiae dolorem fugiat repellat iste minus.'),
(146, 4, '4. Quam sit quia eius ut magnam vitae explicabo odit velit sint.'),
(147, 1, '1. Quaerat ea distinctio minus eius iure eum adipisci quis non facilis veritatis accusamus.'),
(147, 2, '2. Quod vero aliquid nulla dolores aspernatur.'),
(147, 3, '3. Voluptates possimus quo eveniet numquam sequi nam praesentium repellendus.'),
(148, 1, '1. Omnis quam fugiat soluta qui voluptates tempore aspernatur dignissimos sint illum corrupti.'),
(148, 2, '2. Alias nobis eveniet accusantium illo fugiat ipsam dolorum facilis facilis vitae unde.'),
(148, 3, '3. Dolorum et amet enim facere ea aliquam commodi aspernatur a.'),
(148, 4, '4. Quaerat consequuntur explicabo dolore exercitationem dolores repellendus.'),
(148, 5, '5. Minima recusandae iure repudiandae labore aspernatur quod inventore.'),
(148, 6, '6. Voluptatum provident explicabo tempora culpa praesentium assumenda harum accusamus aut ducimus.'),
(149, 1, '1. Totam ad saepe dolores placeat animi aliquid iste sit recusandae voluptates.'),
(149, 2, '2. Laboriosam assumenda impedit qui eius voluptate dicta temporibus recusandae itaque.'),
(149, 3, '3. Modi quod quis animi facere est.'),
(149, 4, '4. Necessitatibus delectus nisi quisquam laudantium veniam magni ab dolores provident nemo quia.'),
(149, 5, '5. Debitis iste cum animi ipsum ea blanditiis minima.'),
(150, 1, '1. Quisquam doloribus maiores magni autem dolore maiores veniam.'),
(150, 2, '2. Distinctio sint ipsam repellendus natus quibusdam sunt expedita at mollitia iure.'),
(150, 3, '3. Adipisci quis modi cumque maxime tempore.'),
(150, 4, '4. Quo temporibus quasi dolorum beatae accusamus reprehenderit excepturi modi beatae ex sint est.'),
(150, 5, '5. Aspernatur eos dolor officiis praesentium eligendi a ratione quis possimus exercitationem illo earum.'),
(150, 6, '6. Ducimus beatae maiores sunt eum nam neque.'),
(151, 1, '1. Libero a cupiditate veniam ex illo ad cum libero enim animi minima eos.'),
(151, 2, '2. Adipisci rem atque vel repellat laboriosam nam suscipit illo quas.'),
(151, 3, '3. Ipsa doloremque accusamus repellat sapiente perferendis eius doloremque.'),
(151, 4, '4. Neque eligendi numquam reprehenderit velit nostrum quisquam dicta maxime aspernatur vel.'),
(151, 5, '5. Dolore occaecati saepe vero voluptates reiciendis exercitationem ullam dolorum est ullam iure voluptatibus.'),
(151, 6, '6. Optio numquam atque itaque fugit hic quisquam excepturi.'),
(152, 1, '1. Recusandae vitae porro dignissimos ipsum culpa laboriosam possimus praesentium cum.'),
(152, 2, '2. Eveniet maiores quia recusandae eos odit ipsam.'),
(152, 3, '3. Voluptas nisi vero facere amet a alias enim soluta.'),
(152, 4, '4. Nemo dolore repudiandae nihil rerum reprehenderit nam sed ratione repudiandae velit.'),
(153, 1, '1. Rem maxime corrupti officiis velit at quae earum.'),
(153, 2, '2. Laudantium voluptate adipisci asperiores sapiente atque.'),
(153, 3, '3. Consequuntur doloribus tempora ex veniam a et.'),
(153, 4, '4. Voluptates optio rem corrupti ipsum ea voluptatem tempora est tempore quam.'),
(153, 5, '5. Ex rem molestias iste repudiandae commodi assumenda.'),
(153, 6, '6. A blanditiis neque aliquid occaecati minima quam facilis quis eligendi asperiores dolorum quasi.'),
(154, 1, '1. Et ipsa officiis distinctio fugit dolor tenetur numquam omnis quidem sed minima.'),
(154, 2, '2. Quam sequi velit libero quasi sapiente quaerat odio veritatis.'),
(154, 3, '3. Reiciendis voluptas animi labore officiis officiis dolorum.'),
(155, 1, '1. Atque at libero alias quidem repellendus voluptatem est mollitia similique itaque officiis.'),
(155, 2, '2. Aliquid illum iusto at exercitationem architecto cupiditate quidem fuga exercitationem magni.'),
(155, 3, '3. Eveniet odit tempore eos quod cum inventore aperiam perferendis sunt.'),
(155, 4, '4. Eligendi qui corporis molestiae eos sapiente.'),
(155, 5, '5. Harum nihil velit ullam rerum blanditiis amet est tenetur eaque nam expedita.'),
(156, 1, '1. Illum fugit unde officia reiciendis laboriosam quaerat veritatis repudiandae officia.'),
(156, 2, '2. Omnis voluptatum ab illo iste non adipisci dolores ut.'),
(156, 3, '3. Officiis explicabo in itaque magni nulla optio distinctio.'),
(156, 4, '4. Asperiores rerum commodi animi quibusdam officia quia error fugit vel unde et atque.'),
(156, 5, '5. Tenetur voluptatem eligendi nisi illo inventore voluptas quos et pariatur.'),
(157, 1, '1. Recusandae libero necessitatibus rem suscipit porro excepturi alias porro autem.'),
(157, 2, '2. Temporibus laborum ducimus vero vel quos natus cum animi numquam ea fugit.'),
(157, 3, '3. Numquam perspiciatis molestias et labore voluptatem nesciunt magnam.'),
(157, 4, '4. Ratione illum officia at quod recusandae architecto eligendi veritatis sunt et.'),
(158, 1, '1. Veniam repellat numquam vel alias ducimus officiis.'),
(158, 2, '2. Velit nobis ullam quam expedita dolore asperiores nisi consequuntur.'),
(158, 3, '3. Quibusdam fugiat accusantium excepturi voluptatum aperiam inventore dolore saepe.'),
(158, 4, '4. Provident vel quibusdam iusto laborum dolorum rem.'),
(158, 5, '5. Dolore ipsum numquam perferendis reiciendis debitis cumque temporibus veritatis doloremque pariatur.'),
(159, 1, '1. Ipsam cupiditate ullam id eum placeat reprehenderit.'),
(159, 2, '2. Illo eaque perspiciatis libero quae tempore.'),
(159, 3, '3. Consequuntur culpa quidem quo maxime hic eius ex maxime nam.'),
(159, 4, '4. Unde fugit nobis sint placeat id alias nam ipsam velit eaque.'),
(159, 5, '5. Iste officiis numquam fuga modi nemo occaecati explicabo similique.'),
(159, 6, '6. Sapiente architecto nulla doloremque voluptates impedit.'),
(160, 1, '1. Doloribus asperiores molestias voluptate quisquam ullam magnam doloribus dignissimos.'),
(160, 2, '2. Quo aperiam quod quod quis velit modi quam assumenda asperiores in molestiae deleniti.'),
(160, 3, '3. Iure voluptatibus totam optio ipsam eos magnam quas magnam consequatur deleniti at.'),
(160, 4, '4. Fugit beatae accusantium cumque pariatur aliquid iusto.'),
(160, 5, '5. Quia facilis ex ratione accusantium nulla ea architecto saepe dolores expedita eligendi.'),
(161, 1, '1. Totam laudantium veniam officia nobis quas optio aspernatur sapiente ex dolor nulla asperiores.'),
(161, 2, '2. Nam maiores commodi inventore tenetur voluptates nulla quis dolore voluptates mollitia eum.'),
(161, 3, '3. At fugiat enim laboriosam maiores voluptas impedit alias ex necessitatibus.'),
(161, 4, '4. Doloribus quia pariatur veniam reiciendis cumque aliquid.'),
(161, 5, '5. Eos natus repellat vero libero suscipit accusantium sunt perspiciatis.'),
(162, 1, '1. Voluptatem doloremque enim quia adipisci dignissimos architecto a cum.'),
(162, 2, '2. Iure reprehenderit pariatur dolorum at esse praesentium quod.'),
(162, 3, '3. Eveniet debitis soluta pariatur quaerat quaerat at ab similique error itaque explicabo.'),
(162, 4, '4. Quod assumenda aperiam tempora facilis libero corrupti adipisci.'),
(162, 5, '5. Ipsa a sint laborum molestias optio magnam in.'),
(163, 1, '1. Nihil tempore dolorem accusantium exercitationem pariatur.'),
(163, 2, '2. Earum aut laborum impedit quo a beatae id ducimus repudiandae pariatur vero nesciunt.'),
(163, 3, '3. Iste aspernatur dolorem ab facilis aperiam exercitationem optio consectetur ea similique facere.'),
(163, 4, '4. Similique ad dolores ducimus voluptate officiis unde temporibus quos.'),
(163, 5, '5. Voluptates asperiores fuga ratione ducimus mollitia nulla eveniet omnis deserunt recusandae qui nam.'),
(163, 6, '6. Expedita iure amet commodi temporibus et nostrum ipsa harum eius commodi.');